_id,ltable_ID,rtable_ID,predicted
1699,1,10,1
1711,1,32,1
1723,1,54,1
1735,1,76,1
1747,1,98,1
1759,1,120,1
1771,1,142,1
1783,1,164,1
1795,1,186,1
1807,1,208,1
1819,1,230,1
1831,1,252,1
1843,1,274,1
1855,1,296,1
1867,1,318,1
1879,1,340,1
1891,1,362,1
1903,1,384,1
1915,1,406,1
1927,1,428,1
1939,1,450,1
1951,1,472,1
1963,1,494,1
1975,1,516,1
1987,1,538,1
1999,1,560,1
2011,1,582,1
2023,1,604,1
2035,1,626,1
2047,1,648,1
2059,1,670,1
2071,1,692,1
2083,1,714,1
2095,1,736,1
2107,1,758,1
2119,1,780,1
2131,1,802,1
2143,1,824,1
2155,1,846,1
2167,1,868,1
2179,1,890,1
2191,1,912,1
2203,1,934,1
2215,1,956,1
2227,1,978,1
2239,1,1000,1
2251,1,1022,1
2263,1,1044,1
2275,1,1066,1
2287,1,1088,1
2299,1,1110,1
2311,1,1132,1
2323,1,1154,1
2335,1,1176,1
2347,1,1198,1
2359,1,1220,1
2371,1,1242,1
2383,1,1264,1
2395,1,1286,1
2407,1,1308,1
2419,1,1330,1
2431,1,1352,1
2443,1,1374,1
2455,1,1396,1
2467,1,1418,1
2479,1,1440,1
2491,1,1462,1
2503,1,1484,1
2515,1,1506,1
2527,1,1528,1
2539,1,1550,1
2551,1,1572,1
2563,1,1594,1
2575,1,1616,1
2587,1,1638,1
2599,1,1660,1
2611,1,1682,1
2623,1,1704,1
2635,1,1726,1
2646,1,1747,1
2658,1,1769,1
2670,1,1791,1
2682,1,1813,1
2694,1,1835,1
2706,1,1857,1
2718,1,1879,1
2730,1,1901,1
2742,1,1923,1
2754,1,1945,1
2766,1,1967,1
2778,1,1989,1
2790,1,2011,1
2802,1,2033,1
2814,1,2055,1
2826,1,2077,1
2838,1,2099,1
2850,1,2121,1
2862,1,2143,1
2874,1,2165,1
2886,1,2187,1
2898,1,2209,1
2910,1,2231,1
2922,1,2253,1
2934,1,2275,1
2946,1,2297,1
2958,1,2319,1
2970,1,2341,1
2982,1,2363,1
2994,1,2385,1
3006,1,2407,1
3018,1,2429,1
3030,1,2451,1
3042,1,2473,1
3054,1,2495,1
3066,1,2517,1
3078,1,2539,1
3090,1,2561,1
3102,1,2583,1
3114,1,2605,1
3126,1,2627,1
3138,1,2649,1
3149,1,2670,1
3161,1,2692,1
3173,1,2714,1
3185,1,2736,1
3197,1,2758,1
3209,1,2780,1
3221,1,2802,1
3233,1,2824,1
3245,1,2846,1
3257,1,2868,1
3269,1,2890,1
3281,1,2912,1
3293,1,2934,1
3305,1,2956,1
3317,1,2978,1
3329,1,3000,1
3341,1,3022,1
3353,1,3044,1
3365,1,3066,1
3377,1,3088,1
5083,3,10,1
5095,3,32,1
5107,3,54,1
5119,3,76,1
5131,3,98,1
5143,3,120,1
5155,3,142,1
5167,3,164,1
5179,3,186,1
5191,3,208,1
5203,3,230,1
5215,3,252,1
5227,3,274,1
5239,3,296,1
5251,3,318,1
5263,3,340,1
5275,3,362,1
5287,3,384,1
5299,3,406,1
5311,3,428,1
5323,3,450,1
5335,3,472,1
5347,3,494,1
5359,3,516,1
5371,3,538,1
5383,3,560,1
5395,3,582,1
5407,3,604,1
5419,3,626,1
5431,3,648,1
5443,3,670,1
5455,3,692,1
5467,3,714,1
5479,3,736,1
5491,3,758,1
5503,3,780,1
5515,3,802,1
5527,3,824,1
5539,3,846,1
5551,3,868,1
5563,3,890,1
5575,3,912,1
5587,3,934,1
5599,3,956,1
5611,3,978,1
5623,3,1000,1
5635,3,1022,1
5647,3,1044,1
5659,3,1066,1
5671,3,1088,1
5683,3,1110,1
5695,3,1132,1
5707,3,1154,1
5719,3,1176,1
5731,3,1198,1
5743,3,1220,1
5755,3,1242,1
5767,3,1264,1
5779,3,1286,1
5791,3,1308,1
5803,3,1330,1
5815,3,1352,1
5827,3,1374,1
5839,3,1396,1
5851,3,1418,1
5863,3,1440,1
5875,3,1462,1
5887,3,1484,1
5899,3,1506,1
5911,3,1528,1
5923,3,1550,1
5935,3,1572,1
5947,3,1594,1
5959,3,1616,1
5971,3,1638,1
5983,3,1660,1
5995,3,1682,1
6007,3,1704,1
6019,3,1726,1
6030,3,1747,1
6042,3,1769,1
6054,3,1791,1
6066,3,1813,1
6078,3,1835,1
6090,3,1857,1
6102,3,1879,1
6114,3,1901,1
6126,3,1923,1
6138,3,1945,1
6150,3,1967,1
6162,3,1989,1
6174,3,2011,1
6186,3,2033,1
6198,3,2055,1
6210,3,2077,1
6222,3,2099,1
6234,3,2121,1
6246,3,2143,1
6258,3,2165,1
6270,3,2187,1
6282,3,2209,1
6294,3,2231,1
6306,3,2253,1
6318,3,2275,1
6330,3,2297,1
6342,3,2319,1
6354,3,2341,1
6366,3,2363,1
6378,3,2385,1
6390,3,2407,1
6402,3,2429,1
6414,3,2451,1
6426,3,2473,1
6438,3,2495,1
6450,3,2517,1
6462,3,2539,1
6474,3,2561,1
6486,3,2583,1
6498,3,2605,1
6510,3,2627,1
6522,3,2649,1
6533,3,2670,1
6545,3,2692,1
6557,3,2714,1
6569,3,2736,1
6581,3,2758,1
6593,3,2780,1
6605,3,2802,1
6617,3,2824,1
6629,3,2846,1
6641,3,2868,1
6653,3,2890,1
6665,3,2912,1
6677,3,2934,1
6689,3,2956,1
6701,3,2978,1
6713,3,3000,1
6725,3,3022,1
6737,3,3044,1
6749,3,3066,1
6761,3,3088,1
10161,6,13,1
10173,6,35,1
10185,6,57,1
10197,6,79,1
10209,6,101,1
10221,6,123,1
10233,6,145,1
10245,6,167,1
10257,6,189,1
10269,6,211,1
10281,6,233,1
10293,6,255,1
10305,6,277,1
10317,6,299,1
10329,6,321,1
10341,6,343,1
10353,6,365,1
10365,6,387,1
10377,6,409,1
10389,6,431,1
10401,6,453,1
10413,6,475,1
10425,6,497,1
10437,6,519,1
10449,6,541,1
10461,6,563,1
10473,6,585,1
10485,6,607,1
10497,6,629,1
10509,6,651,1
10521,6,673,1
10533,6,695,1
10545,6,717,1
10557,6,739,1
10569,6,761,1
10581,6,783,1
10593,6,805,1
10605,6,827,1
10617,6,849,1
10629,6,871,1
10641,6,893,1
10653,6,915,1
10665,6,937,1
10677,6,959,1
10689,6,981,1
10701,6,1003,1
10713,6,1025,1
10725,6,1047,1
10737,6,1069,1
10749,6,1091,1
10761,6,1113,1
10773,6,1135,1
10785,6,1157,1
10797,6,1179,1
10809,6,1201,1
10821,6,1223,1
10833,6,1245,1
10845,6,1267,1
10857,6,1289,1
10869,6,1311,1
10881,6,1333,1
10893,6,1355,1
10905,6,1377,1
10917,6,1399,1
10929,6,1421,1
10941,6,1443,1
10953,6,1465,1
10965,6,1487,1
10977,6,1509,1
10989,6,1531,1
11001,6,1553,1
11013,6,1575,1
11025,6,1597,1
11037,6,1619,1
11049,6,1641,1
11061,6,1663,1
11073,6,1685,1
11085,6,1707,1
11097,6,1729,1
11108,6,1750,1
11120,6,1772,1
11132,6,1794,1
11144,6,1816,1
11156,6,1838,1
11168,6,1860,1
11180,6,1882,1
11192,6,1904,1
11204,6,1926,1
11216,6,1948,1
11228,6,1970,1
11240,6,1992,1
11252,6,2014,1
11264,6,2036,1
11276,6,2058,1
11288,6,2080,1
11300,6,2102,1
11312,6,2124,1
11324,6,2146,1
11336,6,2168,1
11348,6,2190,1
11360,6,2212,1
11372,6,2234,1
11384,6,2256,1
11396,6,2278,1
11408,6,2300,1
11420,6,2322,1
11432,6,2344,1
11444,6,2366,1
11456,6,2388,1
11468,6,2410,1
11480,6,2432,1
11492,6,2454,1
11504,6,2476,1
11516,6,2498,1
11528,6,2520,1
11540,6,2542,1
11552,6,2564,1
11564,6,2586,1
11576,6,2608,1
11588,6,2630,1
11600,6,2652,1
11612,6,2674,1
11624,6,2696,1
11636,6,2718,1
11648,6,2740,1
11660,6,2762,1
11672,6,2784,1
11684,6,2806,1
11696,6,2828,1
11708,6,2850,1
11720,6,2872,1
11732,6,2894,1
11744,6,2916,1
11756,6,2938,1
11768,6,2960,1
11780,6,2982,1
11792,6,3004,1
11804,6,3026,1
11816,6,3048,1
11828,6,3070,1
11840,6,3092,1
11851,7,10,1
11863,7,32,1
11875,7,54,1
11887,7,76,1
11899,7,98,1
11911,7,120,1
11923,7,142,1
11935,7,164,1
11947,7,186,1
11959,7,208,1
11971,7,230,1
11983,7,252,1
11995,7,274,1
12007,7,296,1
12019,7,318,1
12031,7,340,1
12043,7,362,1
12055,7,384,1
12067,7,406,1
12079,7,428,1
12091,7,450,1
12103,7,472,1
12115,7,494,1
12127,7,516,1
12139,7,538,1
12151,7,560,1
12163,7,582,1
12175,7,604,1
12187,7,626,1
12199,7,648,1
12211,7,670,1
12223,7,692,1
12235,7,714,1
12247,7,736,1
12259,7,758,1
12271,7,780,1
12283,7,802,1
12295,7,824,1
12307,7,846,1
12319,7,868,1
12331,7,890,1
12343,7,912,1
12355,7,934,1
12367,7,956,1
12379,7,978,1
12391,7,1000,1
12403,7,1022,1
12415,7,1044,1
12427,7,1066,1
12439,7,1088,1
12451,7,1110,1
12463,7,1132,1
12475,7,1154,1
12487,7,1176,1
12499,7,1198,1
12511,7,1220,1
12523,7,1242,1
12535,7,1264,1
12547,7,1286,1
12559,7,1308,1
12571,7,1330,1
12583,7,1352,1
12595,7,1374,1
12607,7,1396,1
12619,7,1418,1
12631,7,1440,1
12643,7,1462,1
12655,7,1484,1
12667,7,1506,1
12679,7,1528,1
12691,7,1550,1
12703,7,1572,1
12715,7,1594,1
12727,7,1616,1
12739,7,1638,1
12751,7,1660,1
12763,7,1682,1
12775,7,1704,1
12787,7,1726,1
12798,7,1747,1
12810,7,1769,1
12822,7,1791,1
12834,7,1813,1
12846,7,1835,1
12858,7,1857,1
12870,7,1879,1
12882,7,1901,1
12894,7,1923,1
12906,7,1945,1
12918,7,1967,1
12930,7,1989,1
12942,7,2011,1
12954,7,2033,1
12966,7,2055,1
12978,7,2077,1
12990,7,2099,1
13002,7,2121,1
13014,7,2143,1
13026,7,2165,1
13038,7,2187,1
13050,7,2209,1
13062,7,2231,1
13074,7,2253,1
13086,7,2275,1
13098,7,2297,1
13110,7,2319,1
13122,7,2341,1
13134,7,2363,1
13146,7,2385,1
13158,7,2407,1
13170,7,2429,1
13182,7,2451,1
13194,7,2473,1
13206,7,2495,1
13218,7,2517,1
13230,7,2539,1
13242,7,2561,1
13254,7,2583,1
13266,7,2605,1
13278,7,2627,1
13290,7,2649,1
13301,7,2670,1
13313,7,2692,1
13325,7,2714,1
13337,7,2736,1
13349,7,2758,1
13361,7,2780,1
13373,7,2802,1
13385,7,2824,1
13397,7,2846,1
13409,7,2868,1
13421,7,2890,1
13433,7,2912,1
13445,7,2934,1
13457,7,2956,1
13469,7,2978,1
13481,7,3000,1
13493,7,3022,1
13505,7,3044,1
13517,7,3066,1
13529,7,3088,1
16922,10,4,1
16934,10,26,1
16946,10,48,1
16958,10,70,1
16970,10,92,1
16982,10,114,1
16994,10,136,1
17006,10,158,1
17018,10,180,1
17030,10,202,1
17042,10,224,1
17054,10,246,1
17066,10,268,1
17078,10,290,1
17090,10,312,1
17102,10,334,1
17114,10,356,1
17126,10,378,1
17138,10,400,1
17150,10,422,1
17162,10,444,1
17174,10,466,1
17186,10,488,1
17198,10,510,1
17210,10,532,1
17222,10,554,1
17234,10,576,1
17246,10,598,1
17258,10,620,1
17270,10,642,1
17282,10,664,1
17294,10,686,1
17306,10,708,1
17318,10,730,1
17330,10,752,1
17342,10,774,1
17354,10,796,1
17366,10,818,1
17378,10,840,1
17390,10,862,1
17402,10,884,1
17414,10,906,1
17426,10,928,1
17438,10,950,1
17450,10,972,1
17462,10,994,1
17474,10,1016,1
17486,10,1038,1
17498,10,1060,1
17510,10,1082,1
17522,10,1104,1
17534,10,1126,1
17546,10,1148,1
17558,10,1170,1
17570,10,1192,1
17582,10,1214,1
17594,10,1236,1
17606,10,1258,1
17618,10,1280,1
17630,10,1302,1
17642,10,1324,1
17654,10,1346,1
17666,10,1368,1
17678,10,1390,1
17690,10,1412,1
17702,10,1434,1
17714,10,1456,1
17726,10,1478,1
17738,10,1500,1
17750,10,1522,1
17762,10,1544,1
17774,10,1566,1
17786,10,1588,1
17798,10,1610,1
17810,10,1632,1
17822,10,1654,1
17834,10,1676,1
17846,10,1698,1
17858,10,1720,1
17870,10,1742,1
17882,10,1764,1
17894,10,1786,1
17906,10,1808,1
17918,10,1830,1
17930,10,1852,1
17942,10,1874,1
17954,10,1896,1
17966,10,1918,1
17978,10,1940,1
17990,10,1962,1
18002,10,1984,1
18014,10,2006,1
18026,10,2028,1
18038,10,2050,1
18050,10,2072,1
18062,10,2094,1
18074,10,2116,1
18086,10,2138,1
18098,10,2160,1
18110,10,2182,1
18122,10,2204,1
18134,10,2226,1
18146,10,2248,1
18158,10,2270,1
18170,10,2292,1
18182,10,2314,1
18194,10,2336,1
18206,10,2358,1
18218,10,2380,1
18230,10,2402,1
18242,10,2424,1
18254,10,2446,1
18266,10,2468,1
18278,10,2490,1
18290,10,2512,1
18302,10,2534,1
18314,10,2556,1
18326,10,2578,1
18338,10,2600,1
18350,10,2622,1
18362,10,2644,1
18374,10,2666,1
18386,10,2688,1
18398,10,2710,1
18410,10,2732,1
18422,10,2754,1
18434,10,2776,1
18446,10,2798,1
18458,10,2820,1
18470,10,2842,1
18482,10,2864,1
18494,10,2886,1
18506,10,2908,1
18518,10,2930,1
18530,10,2952,1
18542,10,2974,1
18554,10,2996,1
18566,10,3018,1
18578,10,3040,1
18590,10,3062,1
18602,10,3084,1
37227,22,5,1
37239,22,27,1
37251,22,49,1
37263,22,71,1
37275,22,93,1
37287,22,115,1
37299,22,137,1
37311,22,159,1
37323,22,181,1
37335,22,203,1
37347,22,225,1
37359,22,247,1
37371,22,269,1
37383,22,291,1
37395,22,313,1
37407,22,335,1
37419,22,357,1
37431,22,379,1
37443,22,401,1
37455,22,423,1
37467,22,445,1
37479,22,467,1
37491,22,489,1
37503,22,511,1
37515,22,533,1
37527,22,555,1
37539,22,577,1
37551,22,599,1
37563,22,621,1
37575,22,643,1
37587,22,665,1
37599,22,687,1
37611,22,709,1
37623,22,731,1
37635,22,753,1
37647,22,775,1
37659,22,797,1
37671,22,819,1
37683,22,841,1
37695,22,863,1
37707,22,885,1
37719,22,907,1
37731,22,929,1
37743,22,951,1
37755,22,973,1
37767,22,995,1
37779,22,1017,1
37791,22,1039,1
37803,22,1061,1
37815,22,1083,1
37827,22,1105,1
37839,22,1127,1
37851,22,1149,1
37863,22,1171,1
37875,22,1193,1
37887,22,1215,1
37899,22,1237,1
37911,22,1259,1
37923,22,1281,1
37935,22,1303,1
37947,22,1325,1
37959,22,1347,1
37971,22,1369,1
37983,22,1391,1
37995,22,1413,1
38007,22,1435,1
38019,22,1457,1
38031,22,1479,1
38043,22,1501,1
38055,22,1523,1
38067,22,1545,1
38079,22,1567,1
38091,22,1589,1
38103,22,1611,1
38115,22,1633,1
38127,22,1655,1
38139,22,1677,1
38151,22,1699,1
38163,22,1721,1
38175,22,1743,1
38187,22,1765,1
38199,22,1787,1
38211,22,1809,1
38223,22,1831,1
38235,22,1853,1
38247,22,1875,1
38259,22,1897,1
38271,22,1919,1
38283,22,1941,1
38295,22,1963,1
38307,22,1985,1
38319,22,2007,1
38331,22,2029,1
38343,22,2051,1
38355,22,2073,1
38367,22,2095,1
38379,22,2117,1
38391,22,2139,1
38403,22,2161,1
38415,22,2183,1
38427,22,2205,1
38439,22,2227,1
38451,22,2249,1
38463,22,2271,1
38475,22,2293,1
38487,22,2315,1
38499,22,2337,1
38511,22,2359,1
38523,22,2381,1
38535,22,2403,1
38547,22,2425,1
38559,22,2447,1
38571,22,2469,1
38583,22,2491,1
38595,22,2513,1
38607,22,2535,1
38619,22,2557,1
38631,22,2579,1
38643,22,2601,1
38655,22,2623,1
38667,22,2645,1
38679,22,2667,1
38691,22,2689,1
38703,22,2711,1
38715,22,2733,1
38727,22,2755,1
38739,22,2777,1
38751,22,2799,1
38763,22,2821,1
38775,22,2843,1
38787,22,2865,1
38799,22,2887,1
38811,22,2909,1
38823,22,2931,1
38835,22,2953,1
38847,22,2975,1
38859,22,2997,1
38871,22,3019,1
38883,22,3041,1
38895,22,3063,1
38907,22,3085,1
49075,29,10,1
49087,29,32,1
49099,29,54,1
49111,29,76,1
49123,29,98,1
49135,29,120,1
49147,29,142,1
49159,29,164,1
49171,29,186,1
49183,29,208,1
49195,29,230,1
49207,29,252,1
49219,29,274,1
49231,29,296,1
49243,29,318,1
49255,29,340,1
49267,29,362,1
49279,29,384,1
49291,29,406,1
49303,29,428,1
49315,29,450,1
49327,29,472,1
49339,29,494,1
49351,29,516,1
49363,29,538,1
49375,29,560,1
49387,29,582,1
49399,29,604,1
49411,29,626,1
49423,29,648,1
49435,29,670,1
49447,29,692,1
49459,29,714,1
49471,29,736,1
49483,29,758,1
49495,29,780,1
49507,29,802,1
49519,29,824,1
49531,29,846,1
49543,29,868,1
49555,29,890,1
49567,29,912,1
49579,29,934,1
49591,29,956,1
49603,29,978,1
49615,29,1000,1
49627,29,1022,1
49639,29,1044,1
49651,29,1066,1
49663,29,1088,1
49675,29,1110,1
49687,29,1132,1
49699,29,1154,1
49711,29,1176,1
49723,29,1198,1
49735,29,1220,1
49747,29,1242,1
49759,29,1264,1
49771,29,1286,1
49783,29,1308,1
49795,29,1330,1
49807,29,1352,1
49819,29,1374,1
49831,29,1396,1
49843,29,1418,1
49855,29,1440,1
49867,29,1462,1
49879,29,1484,1
49891,29,1506,1
49903,29,1528,1
49915,29,1550,1
49927,29,1572,1
49939,29,1594,1
49951,29,1616,1
49963,29,1638,1
49975,29,1660,1
49987,29,1682,1
49999,29,1704,1
50011,29,1726,1
50022,29,1747,1
50034,29,1769,1
50046,29,1791,1
50058,29,1813,1
50070,29,1835,1
50082,29,1857,1
50094,29,1879,1
50106,29,1901,1
50118,29,1923,1
50130,29,1945,1
50142,29,1967,1
50154,29,1989,1
50166,29,2011,1
50178,29,2033,1
50190,29,2055,1
50202,29,2077,1
50214,29,2099,1
50226,29,2121,1
50238,29,2143,1
50250,29,2165,1
50262,29,2187,1
50274,29,2209,1
50286,29,2231,1
50298,29,2253,1
50310,29,2275,1
50322,29,2297,1
50334,29,2319,1
50346,29,2341,1
50358,29,2363,1
50370,29,2385,1
50382,29,2407,1
50394,29,2429,1
50406,29,2451,1
50418,29,2473,1
50430,29,2495,1
50442,29,2517,1
50454,29,2539,1
50466,29,2561,1
50478,29,2583,1
50490,29,2605,1
50502,29,2627,1
50514,29,2649,1
50525,29,2670,1
50537,29,2692,1
50549,29,2714,1
50561,29,2736,1
50573,29,2758,1
50585,29,2780,1
50597,29,2802,1
50609,29,2824,1
50621,29,2846,1
50633,29,2868,1
50645,29,2890,1
50657,29,2912,1
50669,29,2934,1
50681,29,2956,1
50693,29,2978,1
50705,29,3000,1
50717,29,3022,1
50729,29,3044,1
50741,29,3066,1
50753,29,3088,1
118441,70,3,1
118453,70,25,1
118465,70,47,1
118477,70,69,1
118489,70,91,1
118501,70,113,1
118513,70,135,1
118525,70,157,1
118537,70,179,1
118549,70,201,1
118561,70,223,1
118573,70,245,1
118585,70,267,1
118597,70,289,1
118609,70,311,1
118621,70,333,1
118633,70,355,1
118645,70,377,1
118657,70,399,1
118669,70,421,1
118681,70,443,1
118693,70,465,1
118705,70,487,1
118717,70,509,1
118729,70,531,1
118741,70,553,1
118753,70,575,1
118765,70,597,1
118777,70,619,1
118789,70,641,1
118801,70,663,1
118813,70,685,1
118825,70,707,1
118837,70,729,1
118849,70,751,1
118861,70,773,1
118873,70,795,1
118885,70,817,1
118897,70,839,1
118909,70,861,1
118921,70,883,1
118933,70,905,1
118945,70,927,1
118957,70,949,1
118969,70,971,1
118981,70,993,1
118993,70,1015,1
119005,70,1037,1
119017,70,1059,1
119029,70,1081,1
119041,70,1103,1
119053,70,1125,1
119065,70,1147,1
119077,70,1169,1
119089,70,1191,1
119101,70,1213,1
119113,70,1235,1
119125,70,1257,1
119137,70,1279,1
119149,70,1301,1
119161,70,1323,1
119173,70,1345,1
119185,70,1367,1
119197,70,1389,1
119209,70,1411,1
119221,70,1433,1
119233,70,1455,1
119245,70,1477,1
119257,70,1499,1
119269,70,1521,1
119281,70,1543,1
119293,70,1565,1
119305,70,1587,1
119317,70,1607,1
119329,70,1629,1
119341,70,1651,1
119353,70,1673,1
119365,70,1695,1
119377,70,1717,1
119389,70,1739,1
119401,70,1761,1
119413,70,1783,1
119425,70,1805,1
119437,70,1827,1
119449,70,1849,1
119461,70,1871,1
119473,70,1893,1
119485,70,1915,1
119497,70,1937,1
119509,70,1959,1
119521,70,1981,1
119533,70,2003,1
119545,70,2025,1
119557,70,2047,1
119569,70,2069,1
119581,70,2091,1
119593,70,2113,1
119605,70,2135,1
119617,70,2157,1
119629,70,2179,1
119641,70,2201,1
119653,70,2223,1
119665,70,2245,1
119677,70,2267,1
119689,70,2289,1
119701,70,2311,1
119713,70,2333,1
119725,70,2355,1
119737,70,2377,1
119749,70,2399,1
119761,70,2421,1
119773,70,2443,1
119785,70,2465,1
119797,70,2487,1
119809,70,2509,1
119821,70,2531,1
119833,70,2553,1
119845,70,2575,1
119857,70,2597,1
119869,70,2619,1
119881,70,2641,1
119893,70,2663,1
119905,70,2685,1
119917,70,2707,1
119929,70,2729,1
119941,70,2751,1
119953,70,2773,1
119965,70,2795,1
119977,70,2817,1
119989,70,2839,1
120001,70,2861,1
120013,70,2883,1
120025,70,2905,1
120037,70,2927,1
120049,70,2949,1
120061,70,2971,1
120073,70,2993,1
120085,70,3015,1
120097,70,3037,1
120109,70,3059,1
120121,70,3081,1
133670,79,4,1
133682,79,26,1
133694,79,48,1
133706,79,70,1
133718,79,92,1
133730,79,114,1
133742,79,136,1
133754,79,158,1
133766,79,180,1
133778,79,202,1
133790,79,224,1
133802,79,246,1
133814,79,268,1
133826,79,290,1
133838,79,312,1
133850,79,334,1
133862,79,356,1
133874,79,378,1
133886,79,400,1
133898,79,422,1
133910,79,444,1
133922,79,466,1
133934,79,488,1
133946,79,510,1
133958,79,532,1
133970,79,554,1
133982,79,576,1
133994,79,598,1
134006,79,620,1
134018,79,642,1
134030,79,664,1
134042,79,686,1
134054,79,708,1
134066,79,730,1
134078,79,752,1
134090,79,774,1
134102,79,796,1
134114,79,818,1
134126,79,840,1
134138,79,862,1
134150,79,884,1
134162,79,906,1
134174,79,928,1
134186,79,950,1
134198,79,972,1
134210,79,994,1
134222,79,1016,1
134234,79,1038,1
134246,79,1060,1
134258,79,1082,1
134270,79,1104,1
134282,79,1126,1
134294,79,1148,1
134306,79,1170,1
134318,79,1192,1
134330,79,1214,1
134342,79,1236,1
134354,79,1258,1
134366,79,1280,1
134378,79,1302,1
134390,79,1324,1
134402,79,1346,1
134414,79,1368,1
134426,79,1390,1
134438,79,1412,1
134450,79,1434,1
134462,79,1456,1
134474,79,1478,1
134486,79,1500,1
134498,79,1522,1
134510,79,1544,1
134522,79,1566,1
134534,79,1588,1
134546,79,1610,1
134558,79,1632,1
134570,79,1654,1
134582,79,1676,1
134594,79,1698,1
134606,79,1720,1
134618,79,1742,1
134630,79,1764,1
134642,79,1786,1
134654,79,1808,1
134666,79,1830,1
134678,79,1852,1
134690,79,1874,1
134702,79,1896,1
134714,79,1918,1
134726,79,1940,1
134738,79,1962,1
134750,79,1984,1
134762,79,2006,1
134774,79,2028,1
134786,79,2050,1
134798,79,2072,1
134810,79,2094,1
134822,79,2116,1
134834,79,2138,1
134846,79,2160,1
134858,79,2182,1
134870,79,2204,1
134882,79,2226,1
134894,79,2248,1
134906,79,2270,1
134918,79,2292,1
134930,79,2314,1
134942,79,2336,1
134954,79,2358,1
134966,79,2380,1
134978,79,2402,1
134990,79,2424,1
135002,79,2446,1
135014,79,2468,1
135026,79,2490,1
135038,79,2512,1
135050,79,2534,1
135062,79,2556,1
135074,79,2578,1
135086,79,2600,1
135098,79,2622,1
135110,79,2644,1
135122,79,2666,1
135134,79,2688,1
135146,79,2710,1
135158,79,2732,1
135170,79,2754,1
135182,79,2776,1
135194,79,2798,1
135206,79,2820,1
135218,79,2842,1
135230,79,2864,1
135242,79,2886,1
135254,79,2908,1
135266,79,2930,1
135278,79,2952,1
135290,79,2974,1
135302,79,2996,1
135314,79,3018,1
135326,79,3040,1
135338,79,3062,1
135350,79,3084,1
148898,88,4,1
148910,88,26,1
148922,88,48,1
148934,88,70,1
148946,88,92,1
148958,88,114,1
148970,88,136,1
148982,88,158,1
148994,88,180,1
149006,88,202,1
149018,88,224,1
149030,88,246,1
149042,88,268,1
149054,88,290,1
149066,88,312,1
149078,88,334,1
149090,88,356,1
149102,88,378,1
149114,88,400,1
149126,88,422,1
149138,88,444,1
149150,88,466,1
149162,88,488,1
149174,88,510,1
149186,88,532,1
149198,88,554,1
149210,88,576,1
149222,88,598,1
149234,88,620,1
149246,88,642,1
149258,88,664,1
149270,88,686,1
149282,88,708,1
149294,88,730,1
149306,88,752,1
149318,88,774,1
149330,88,796,1
149342,88,818,1
149354,88,840,1
149366,88,862,1
149378,88,884,1
149390,88,906,1
149402,88,928,1
149414,88,950,1
149426,88,972,1
149438,88,994,1
149450,88,1016,1
149462,88,1038,1
149474,88,1060,1
149486,88,1082,1
149498,88,1104,1
149510,88,1126,1
149522,88,1148,1
149534,88,1170,1
149546,88,1192,1
149558,88,1214,1
149570,88,1236,1
149582,88,1258,1
149594,88,1280,1
149606,88,1302,1
149618,88,1324,1
149630,88,1346,1
149642,88,1368,1
149654,88,1390,1
149666,88,1412,1
149678,88,1434,1
149690,88,1456,1
149702,88,1478,1
149714,88,1500,1
149726,88,1522,1
149738,88,1544,1
149750,88,1566,1
149762,88,1588,1
149774,88,1610,1
149786,88,1632,1
149798,88,1654,1
149810,88,1676,1
149822,88,1698,1
149834,88,1720,1
149846,88,1742,1
149858,88,1764,1
149870,88,1786,1
149882,88,1808,1
149894,88,1830,1
149906,88,1852,1
149918,88,1874,1
149930,88,1896,1
149942,88,1918,1
149954,88,1940,1
149966,88,1962,1
149978,88,1984,1
149990,88,2006,1
150002,88,2028,1
150014,88,2050,1
150026,88,2072,1
150038,88,2094,1
150050,88,2116,1
150062,88,2138,1
150074,88,2160,1
150086,88,2182,1
150098,88,2204,1
150110,88,2226,1
150122,88,2248,1
150134,88,2270,1
150146,88,2292,1
150158,88,2314,1
150170,88,2336,1
150182,88,2358,1
150194,88,2380,1
150206,88,2402,1
150218,88,2424,1
150230,88,2446,1
150242,88,2468,1
150254,88,2490,1
150266,88,2512,1
150278,88,2534,1
150290,88,2556,1
150302,88,2578,1
150314,88,2600,1
150326,88,2622,1
150338,88,2644,1
150350,88,2666,1
150362,88,2688,1
150374,88,2710,1
150386,88,2732,1
150398,88,2754,1
150410,88,2776,1
150422,88,2798,1
150434,88,2820,1
150446,88,2842,1
150458,88,2864,1
150470,88,2886,1
150482,88,2908,1
150494,88,2930,1
150506,88,2952,1
150518,88,2974,1
150530,88,2996,1
150542,88,3018,1
150554,88,3040,1
150566,88,3062,1
150578,88,3084,1
150589,89,3,1
150601,89,25,1
150613,89,47,1
150625,89,69,1
150637,89,91,1
150649,89,113,1
150661,89,135,1
150673,89,157,1
150685,89,179,1
150697,89,201,1
150709,89,223,1
150721,89,245,1
150733,89,267,1
150745,89,289,1
150757,89,311,1
150769,89,333,1
150781,89,355,1
150793,89,377,1
150805,89,399,1
150817,89,421,1
150829,89,443,1
150841,89,465,1
150853,89,487,1
150865,89,509,1
150877,89,531,1
150889,89,553,1
150901,89,575,1
150913,89,597,1
150925,89,619,1
150937,89,641,1
150949,89,663,1
150961,89,685,1
150973,89,707,1
150985,89,729,1
150997,89,751,1
151009,89,773,1
151021,89,795,1
151033,89,817,1
151045,89,839,1
151057,89,861,1
151069,89,883,1
151081,89,905,1
151093,89,927,1
151105,89,949,1
151117,89,971,1
151129,89,993,1
151141,89,1015,1
151153,89,1037,1
151165,89,1059,1
151177,89,1081,1
151189,89,1103,1
151201,89,1125,1
151213,89,1147,1
151225,89,1169,1
151237,89,1191,1
151249,89,1213,1
151261,89,1235,1
151273,89,1257,1
151285,89,1279,1
151297,89,1301,1
151309,89,1323,1
151321,89,1345,1
151333,89,1367,1
151345,89,1389,1
151357,89,1411,1
151369,89,1433,1
151381,89,1455,1
151393,89,1477,1
151405,89,1499,1
151417,89,1521,1
151429,89,1543,1
151441,89,1565,1
151453,89,1587,1
151465,89,1607,1
151477,89,1629,1
151489,89,1651,1
151501,89,1673,1
151513,89,1695,1
151525,89,1717,1
151537,89,1739,1
151549,89,1761,1
151561,89,1783,1
151573,89,1805,1
151585,89,1827,1
151597,89,1849,1
151609,89,1871,1
151621,89,1893,1
151633,89,1915,1
151645,89,1937,1
151657,89,1959,1
151669,89,1981,1
151681,89,2003,1
151693,89,2025,1
151705,89,2047,1
151717,89,2069,1
151729,89,2091,1
151741,89,2113,1
151753,89,2135,1
151765,89,2157,1
151777,89,2179,1
151789,89,2201,1
151801,89,2223,1
151813,89,2245,1
151825,89,2267,1
151837,89,2289,1
151849,89,2311,1
151861,89,2333,1
151873,89,2355,1
151885,89,2377,1
151897,89,2399,1
151909,89,2421,1
151921,89,2443,1
151933,89,2465,1
151945,89,2487,1
151957,89,2509,1
151969,89,2531,1
151981,89,2553,1
151993,89,2575,1
152005,89,2597,1
152017,89,2619,1
152029,89,2641,1
152041,89,2663,1
152053,89,2685,1
152065,89,2707,1
152077,89,2729,1
152089,89,2751,1
152101,89,2773,1
152113,89,2795,1
152125,89,2817,1
152137,89,2839,1
152149,89,2861,1
152161,89,2883,1
152173,89,2905,1
152185,89,2927,1
152197,89,2949,1
152209,89,2971,1
152221,89,2993,1
152233,89,3015,1
152245,89,3037,1
152257,89,3059,1
152269,89,3081,1
208118,123,4,1
208130,123,26,1
208142,123,48,1
208154,123,70,1
208166,123,92,1
208178,123,114,1
208190,123,136,1
208202,123,158,1
208214,123,180,1
208226,123,202,1
208238,123,224,1
208250,123,246,1
208262,123,268,1
208274,123,290,1
208286,123,312,1
208298,123,334,1
208310,123,356,1
208322,123,378,1
208334,123,400,1
208346,123,422,1
208358,123,444,1
208370,123,466,1
208382,123,488,1
208394,123,510,1
208406,123,532,1
208418,123,554,1
208430,123,576,1
208442,123,598,1
208454,123,620,1
208466,123,642,1
208478,123,664,1
208490,123,686,1
208502,123,708,1
208514,123,730,1
208526,123,752,1
208538,123,774,1
208550,123,796,1
208562,123,818,1
208574,123,840,1
208586,123,862,1
208598,123,884,1
208610,123,906,1
208622,123,928,1
208634,123,950,1
208646,123,972,1
208658,123,994,1
208670,123,1016,1
208682,123,1038,1
208694,123,1060,1
208706,123,1082,1
208718,123,1104,1
208730,123,1126,1
208742,123,1148,1
208754,123,1170,1
208766,123,1192,1
208778,123,1214,1
208790,123,1236,1
208802,123,1258,1
208814,123,1280,1
208826,123,1302,1
208838,123,1324,1
208850,123,1346,1
208862,123,1368,1
208874,123,1390,1
208886,123,1412,1
208898,123,1434,1
208910,123,1456,1
208922,123,1478,1
208934,123,1500,1
208946,123,1522,1
208958,123,1544,1
208970,123,1566,1
208982,123,1588,1
208994,123,1610,1
209006,123,1632,1
209018,123,1654,1
209030,123,1676,1
209042,123,1698,1
209054,123,1720,1
209066,123,1742,1
209078,123,1764,1
209090,123,1786,1
209102,123,1808,1
209114,123,1830,1
209126,123,1852,1
209138,123,1874,1
209150,123,1896,1
209162,123,1918,1
209174,123,1940,1
209186,123,1962,1
209198,123,1984,1
209210,123,2006,1
209222,123,2028,1
209234,123,2050,1
209246,123,2072,1
209258,123,2094,1
209270,123,2116,1
209282,123,2138,1
209294,123,2160,1
209306,123,2182,1
209318,123,2204,1
209330,123,2226,1
209342,123,2248,1
209354,123,2270,1
209366,123,2292,1
209378,123,2314,1
209390,123,2336,1
209402,123,2358,1
209414,123,2380,1
209426,123,2402,1
209438,123,2424,1
209450,123,2446,1
209462,123,2468,1
209474,123,2490,1
209486,123,2512,1
209498,123,2534,1
209510,123,2556,1
209522,123,2578,1
209534,123,2600,1
209546,123,2622,1
209558,123,2644,1
209570,123,2666,1
209582,123,2688,1
209594,123,2710,1
209606,123,2732,1
209618,123,2754,1
209630,123,2776,1
209642,123,2798,1
209654,123,2820,1
209666,123,2842,1
209678,123,2864,1
209690,123,2886,1
209702,123,2908,1
209714,123,2930,1
209726,123,2952,1
209738,123,2974,1
209750,123,2996,1
209762,123,3018,1
209774,123,3040,1
209786,123,3062,1
209798,123,3084,1
231813,137,13,1
231825,137,35,1
231837,137,57,1
231849,137,79,1
231861,137,101,1
231873,137,123,1
231885,137,145,1
231897,137,167,1
231909,137,189,1
231921,137,211,1
231933,137,233,1
231945,137,255,1
231957,137,277,1
231969,137,299,1
231981,137,321,1
231993,137,343,1
232005,137,365,1
232017,137,387,1
232029,137,409,1
232041,137,431,1
232053,137,453,1
232065,137,475,1
232077,137,497,1
232089,137,519,1
232101,137,541,1
232113,137,563,1
232125,137,585,1
232137,137,607,1
232149,137,629,1
232161,137,651,1
232173,137,673,1
232185,137,695,1
232197,137,717,1
232209,137,739,1
232221,137,761,1
232233,137,783,1
232245,137,805,1
232257,137,827,1
232269,137,849,1
232281,137,871,1
232293,137,893,1
232305,137,915,1
232317,137,937,1
232329,137,959,1
232341,137,981,1
232353,137,1003,1
232365,137,1025,1
232377,137,1047,1
232389,137,1069,1
232401,137,1091,1
232413,137,1113,1
232425,137,1135,1
232437,137,1157,1
232449,137,1179,1
232461,137,1201,1
232473,137,1223,1
232485,137,1245,1
232497,137,1267,1
232509,137,1289,1
232521,137,1311,1
232533,137,1333,1
232545,137,1355,1
232557,137,1377,1
232569,137,1399,1
232581,137,1421,1
232593,137,1443,1
232605,137,1465,1
232617,137,1487,1
232629,137,1509,1
232641,137,1531,1
232653,137,1553,1
232665,137,1575,1
232677,137,1597,1
232689,137,1619,1
232701,137,1641,1
232713,137,1663,1
232725,137,1685,1
232737,137,1707,1
232749,137,1729,1
232760,137,1750,1
232772,137,1772,1
232784,137,1794,1
232796,137,1816,1
232808,137,1838,1
232820,137,1860,1
232832,137,1882,1
232844,137,1904,1
232856,137,1926,1
232868,137,1948,1
232880,137,1970,1
232892,137,1992,1
232904,137,2014,1
232916,137,2036,1
232928,137,2058,1
232940,137,2080,1
232952,137,2102,1
232964,137,2124,1
232976,137,2146,1
232988,137,2168,1
233000,137,2190,1
233012,137,2212,1
233024,137,2234,1
233036,137,2256,1
233048,137,2278,1
233060,137,2300,1
233072,137,2322,1
233084,137,2344,1
233096,137,2366,1
233108,137,2388,1
233120,137,2410,1
233132,137,2432,1
233144,137,2454,1
233156,137,2476,1
233168,137,2498,1
233180,137,2520,1
233192,137,2542,1
233204,137,2564,1
233216,137,2586,1
233228,137,2608,1
233240,137,2630,1
233252,137,2652,1
233264,137,2674,1
233276,137,2696,1
233288,137,2718,1
233300,137,2740,1
233312,137,2762,1
233324,137,2784,1
233336,137,2806,1
233348,137,2828,1
233360,137,2850,1
233372,137,2872,1
233384,137,2894,1
233396,137,2916,1
233408,137,2938,1
233420,137,2960,1
233432,137,2982,1
233444,137,3004,1
233456,137,3026,1
233468,137,3048,1
233480,137,3070,1
233492,137,3092,1
306254,181,4,1
306266,181,26,1
306278,181,48,1
306290,181,70,1
306302,181,92,1
306314,181,114,1
306326,181,136,1
306338,181,158,1
306350,181,180,1
306362,181,202,1
306374,181,224,1
306386,181,246,1
306398,181,268,1
306410,181,290,1
306422,181,312,1
306434,181,334,1
306446,181,356,1
306458,181,378,1
306470,181,400,1
306482,181,422,1
306494,181,444,1
306506,181,466,1
306518,181,488,1
306530,181,510,1
306542,181,532,1
306554,181,554,1
306566,181,576,1
306578,181,598,1
306590,181,620,1
306602,181,642,1
306614,181,664,1
306626,181,686,1
306638,181,708,1
306650,181,730,1
306662,181,752,1
306674,181,774,1
306686,181,796,1
306698,181,818,1
306710,181,840,1
306722,181,862,1
306734,181,884,1
306746,181,906,1
306758,181,928,1
306770,181,950,1
306782,181,972,1
306794,181,994,1
306806,181,1016,1
306818,181,1038,1
306830,181,1060,1
306842,181,1082,1
306854,181,1104,1
306866,181,1126,1
306878,181,1148,1
306890,181,1170,1
306902,181,1192,1
306914,181,1214,1
306926,181,1236,1
306938,181,1258,1
306950,181,1280,1
306962,181,1302,1
306974,181,1324,1
306986,181,1346,1
306998,181,1368,1
307010,181,1390,1
307022,181,1412,1
307034,181,1434,1
307046,181,1456,1
307058,181,1478,1
307070,181,1500,1
307082,181,1522,1
307094,181,1544,1
307106,181,1566,1
307118,181,1588,1
307130,181,1610,1
307142,181,1632,1
307154,181,1654,1
307166,181,1676,1
307178,181,1698,1
307190,181,1720,1
307202,181,1742,1
307214,181,1764,1
307226,181,1786,1
307238,181,1808,1
307250,181,1830,1
307262,181,1852,1
307274,181,1874,1
307286,181,1896,1
307298,181,1918,1
307310,181,1940,1
307322,181,1962,1
307334,181,1984,1
307346,181,2006,1
307358,181,2028,1
307370,181,2050,1
307382,181,2072,1
307394,181,2094,1
307406,181,2116,1
307418,181,2138,1
307430,181,2160,1
307442,181,2182,1
307454,181,2204,1
307466,181,2226,1
307478,181,2248,1
307490,181,2270,1
307502,181,2292,1
307514,181,2314,1
307526,181,2336,1
307538,181,2358,1
307550,181,2380,1
307562,181,2402,1
307574,181,2424,1
307586,181,2446,1
307598,181,2468,1
307610,181,2490,1
307622,181,2512,1
307634,181,2534,1
307646,181,2556,1
307658,181,2578,1
307670,181,2600,1
307682,181,2622,1
307694,181,2644,1
307706,181,2666,1
307718,181,2688,1
307730,181,2710,1
307742,181,2732,1
307754,181,2754,1
307766,181,2776,1
307778,181,2798,1
307790,181,2820,1
307802,181,2842,1
307814,181,2864,1
307826,181,2886,1
307838,181,2908,1
307850,181,2930,1
307862,181,2952,1
307874,181,2974,1
307886,181,2996,1
307898,181,3018,1
307910,181,3040,1
307922,181,3062,1
307934,181,3084,1
309638,183,4,1
309650,183,26,1
309662,183,48,1
309674,183,70,1
309686,183,92,1
309698,183,114,1
309710,183,136,1
309722,183,158,1
309734,183,180,1
309746,183,202,1
309758,183,224,1
309770,183,246,1
309782,183,268,1
309794,183,290,1
309806,183,312,1
309818,183,334,1
309830,183,356,1
309842,183,378,1
309854,183,400,1
309866,183,422,1
309878,183,444,1
309890,183,466,1
309902,183,488,1
309914,183,510,1
309926,183,532,1
309938,183,554,1
309950,183,576,1
309962,183,598,1
309974,183,620,1
309986,183,642,1
309998,183,664,1
310010,183,686,1
310022,183,708,1
310034,183,730,1
310046,183,752,1
310058,183,774,1
310070,183,796,1
310082,183,818,1
310094,183,840,1
310106,183,862,1
310118,183,884,1
310130,183,906,1
310142,183,928,1
310154,183,950,1
310166,183,972,1
310178,183,994,1
310190,183,1016,1
310202,183,1038,1
310214,183,1060,1
310226,183,1082,1
310238,183,1104,1
310250,183,1126,1
310262,183,1148,1
310274,183,1170,1
310286,183,1192,1
310298,183,1214,1
310310,183,1236,1
310322,183,1258,1
310334,183,1280,1
310346,183,1302,1
310358,183,1324,1
310370,183,1346,1
310382,183,1368,1
310394,183,1390,1
310406,183,1412,1
310418,183,1434,1
310430,183,1456,1
310442,183,1478,1
310454,183,1500,1
310466,183,1522,1
310478,183,1544,1
310490,183,1566,1
310502,183,1588,1
310514,183,1610,1
310526,183,1632,1
310538,183,1654,1
310550,183,1676,1
310562,183,1698,1
310574,183,1720,1
310586,183,1742,1
310598,183,1764,1
310610,183,1786,1
310622,183,1808,1
310634,183,1830,1
310646,183,1852,1
310658,183,1874,1
310670,183,1896,1
310682,183,1918,1
310694,183,1940,1
310706,183,1962,1
310718,183,1984,1
310730,183,2006,1
310742,183,2028,1
310754,183,2050,1
310766,183,2072,1
310778,183,2094,1
310790,183,2116,1
310802,183,2138,1
310814,183,2160,1
310826,183,2182,1
310838,183,2204,1
310850,183,2226,1
310862,183,2248,1
310874,183,2270,1
310886,183,2292,1
310898,183,2314,1
310910,183,2336,1
310922,183,2358,1
310934,183,2380,1
310946,183,2402,1
310958,183,2424,1
310970,183,2446,1
310982,183,2468,1
310994,183,2490,1
311006,183,2512,1
311018,183,2534,1
311030,183,2556,1
311042,183,2578,1
311054,183,2600,1
311066,183,2622,1
311078,183,2644,1
311090,183,2666,1
311102,183,2688,1
311114,183,2710,1
311126,183,2732,1
311138,183,2754,1
311150,183,2776,1
311162,183,2798,1
311174,183,2820,1
311186,183,2842,1
311198,183,2864,1
311210,183,2886,1
311222,183,2908,1
311234,183,2930,1
311246,183,2952,1
311258,183,2974,1
311270,183,2996,1
311282,183,3018,1
311294,183,3040,1
311306,183,3062,1
311318,183,3084,1
360398,213,4,1
360410,213,26,1
360422,213,48,1
360434,213,70,1
360446,213,92,1
360458,213,114,1
360470,213,136,1
360482,213,158,1
360494,213,180,1
360506,213,202,1
360518,213,224,1
360530,213,246,1
360542,213,268,1
360554,213,290,1
360566,213,312,1
360578,213,334,1
360590,213,356,1
360602,213,378,1
360614,213,400,1
360626,213,422,1
360638,213,444,1
360650,213,466,1
360662,213,488,1
360674,213,510,1
360686,213,532,1
360698,213,554,1
360710,213,576,1
360722,213,598,1
360734,213,620,1
360746,213,642,1
360758,213,664,1
360770,213,686,1
360782,213,708,1
360794,213,730,1
360806,213,752,1
360818,213,774,1
360830,213,796,1
360842,213,818,1
360854,213,840,1
360866,213,862,1
360878,213,884,1
360890,213,906,1
360902,213,928,1
360914,213,950,1
360926,213,972,1
360938,213,994,1
360950,213,1016,1
360962,213,1038,1
360974,213,1060,1
360986,213,1082,1
360998,213,1104,1
361010,213,1126,1
361022,213,1148,1
361034,213,1170,1
361046,213,1192,1
361058,213,1214,1
361070,213,1236,1
361082,213,1258,1
361094,213,1280,1
361106,213,1302,1
361118,213,1324,1
361130,213,1346,1
361142,213,1368,1
361154,213,1390,1
361166,213,1412,1
361178,213,1434,1
361190,213,1456,1
361202,213,1478,1
361214,213,1500,1
361226,213,1522,1
361238,213,1544,1
361250,213,1566,1
361262,213,1588,1
361274,213,1610,1
361286,213,1632,1
361298,213,1654,1
361310,213,1676,1
361322,213,1698,1
361334,213,1720,1
361346,213,1742,1
361358,213,1764,1
361370,213,1786,1
361382,213,1808,1
361394,213,1830,1
361406,213,1852,1
361418,213,1874,1
361430,213,1896,1
361442,213,1918,1
361454,213,1940,1
361466,213,1962,1
361478,213,1984,1
361490,213,2006,1
361502,213,2028,1
361514,213,2050,1
361526,213,2072,1
361538,213,2094,1
361550,213,2116,1
361562,213,2138,1
361574,213,2160,1
361586,213,2182,1
361598,213,2204,1
361610,213,2226,1
361622,213,2248,1
361634,213,2270,1
361646,213,2292,1
361658,213,2314,1
361670,213,2336,1
361682,213,2358,1
361694,213,2380,1
361706,213,2402,1
361718,213,2424,1
361730,213,2446,1
361742,213,2468,1
361754,213,2490,1
361766,213,2512,1
361778,213,2534,1
361790,213,2556,1
361802,213,2578,1
361814,213,2600,1
361826,213,2622,1
361838,213,2644,1
361850,213,2666,1
361862,213,2688,1
361874,213,2710,1
361886,213,2732,1
361898,213,2754,1
361910,213,2776,1
361922,213,2798,1
361934,213,2820,1
361946,213,2842,1
361958,213,2864,1
361970,213,2886,1
361982,213,2908,1
361994,213,2930,1
362006,213,2952,1
362018,213,2974,1
362030,213,2996,1
362042,213,3018,1
362054,213,3040,1
362066,213,3062,1
362078,213,3084,1
411167,243,19,1
411179,243,41,1
411191,243,63,1
411203,243,85,1
411215,243,107,1
411227,243,129,1
411239,243,151,1
411251,243,173,1
411263,243,195,1
411275,243,217,1
411287,243,239,1
411299,243,261,1
411311,243,283,1
411323,243,305,1
411335,243,327,1
411347,243,349,1
411359,243,371,1
411371,243,393,1
411383,243,415,1
411395,243,437,1
411407,243,459,1
411419,243,481,1
411431,243,503,1
411443,243,525,1
411455,243,547,1
411467,243,569,1
411479,243,591,1
411491,243,613,1
411503,243,635,1
411515,243,657,1
411527,243,679,1
411539,243,701,1
411551,243,723,1
411563,243,745,1
411575,243,767,1
411587,243,789,1
411599,243,811,1
411611,243,833,1
411623,243,855,1
411635,243,877,1
411647,243,899,1
411659,243,921,1
411671,243,943,1
411683,243,965,1
411695,243,987,1
411707,243,1009,1
411719,243,1031,1
411731,243,1053,1
411743,243,1075,1
411755,243,1097,1
411767,243,1119,1
411779,243,1141,1
411791,243,1163,1
411803,243,1185,1
411815,243,1207,1
411827,243,1229,1
411839,243,1251,1
411851,243,1273,1
411863,243,1295,1
411875,243,1317,1
411887,243,1339,1
411899,243,1361,1
411911,243,1383,1
411923,243,1405,1
411935,243,1427,1
411947,243,1449,1
411959,243,1471,1
411971,243,1493,1
411983,243,1515,1
411995,243,1537,1
412007,243,1559,1
412019,243,1581,1
412031,243,1603,1
412043,243,1625,1
412055,243,1647,1
412067,243,1669,1
412079,243,1691,1
412091,243,1713,1
412103,243,1735,1
412114,243,1756,1
412126,243,1778,1
412138,243,1800,1
412150,243,1822,1
412162,243,1844,1
412174,243,1866,1
412186,243,1888,1
412198,243,1910,1
412210,243,1932,1
412222,243,1954,1
412234,243,1976,1
412246,243,1998,1
412258,243,2020,1
412270,243,2042,1
412282,243,2064,1
412294,243,2086,1
412306,243,2108,1
412318,243,2130,1
412330,243,2152,1
412342,243,2174,1
412354,243,2196,1
412366,243,2218,1
412378,243,2240,1
412390,243,2262,1
412402,243,2284,1
412414,243,2306,1
412426,243,2328,1
412438,243,2350,1
412450,243,2372,1
412462,243,2394,1
412474,243,2416,1
412486,243,2438,1
412498,243,2460,1
412510,243,2482,1
412522,243,2504,1
412534,243,2526,1
412546,243,2548,1
412558,243,2570,1
412570,243,2592,1
412582,243,2614,1
412594,243,2636,1
412606,243,2658,1
412618,243,2680,1
412630,243,2702,1
412642,243,2724,1
412654,243,2746,1
412666,243,2768,1
412678,243,2790,1
412690,243,2812,1
412702,243,2834,1
412714,243,2856,1
412726,243,2878,1
412738,243,2900,1
412750,243,2922,1
412762,243,2944,1
412774,243,2966,1
412786,243,2988,1
412798,243,3010,1
412810,243,3032,1
412822,243,3054,1
412834,243,3076,1
412846,243,3098,1
478103,282,1759,1
478115,282,1781,1
478127,282,1803,1
478139,282,1825,1
478151,282,1847,1
478163,282,1869,1
478175,282,1891,1
478187,282,1913,1
478199,282,1935,1
478211,282,1957,1
478223,282,1979,1
478235,282,2001,1
478247,282,2023,1
478259,282,2045,1
478271,282,2067,1
478283,282,2089,1
478295,282,2111,1
478307,282,2133,1
478319,282,2155,1
478331,282,2177,1
478343,282,2199,1
478355,282,2221,1
478367,282,2243,1
478379,282,2265,1
478391,282,2287,1
478403,282,2309,1
478415,282,2331,1
478427,282,2353,1
478439,282,2375,1
478451,282,2397,1
478463,282,2419,1
478475,282,2441,1
478487,282,2463,1
478499,282,2485,1
478511,282,2507,1
478523,282,2529,1
478535,282,2551,1
478547,282,2573,1
478559,282,2595,1
478571,282,2617,1
478583,282,2639,1
478595,282,2661,1
478607,282,2683,1
478619,282,2705,1
478631,282,2727,1
478643,282,2749,1
478655,282,2771,1
478667,282,2793,1
478679,282,2815,1
478691,282,2837,1
478703,282,2859,1
478715,282,2881,1
478727,282,2903,1
478739,282,2925,1
478751,282,2947,1
478763,282,2969,1
478775,282,2991,1
478787,282,3013,1
478799,282,3035,1
478811,282,3057,1
478823,282,3079,1
478835,282,3101,1
487301,288,7,1
487313,288,29,1
487325,288,51,1
487337,288,73,1
487349,288,95,1
487361,288,117,1
487373,288,139,1
487385,288,161,1
487397,288,183,1
487409,288,205,1
487421,288,227,1
487433,288,249,1
487445,288,271,1
487457,288,293,1
487469,288,315,1
487481,288,337,1
487493,288,359,1
487505,288,381,1
487517,288,403,1
487529,288,425,1
487541,288,447,1
487553,288,469,1
487565,288,491,1
487577,288,513,1
487589,288,535,1
487601,288,557,1
487613,288,579,1
487625,288,601,1
487637,288,623,1
487649,288,645,1
487661,288,667,1
487673,288,689,1
487685,288,711,1
487697,288,733,1
487709,288,755,1
487721,288,777,1
487733,288,799,1
487745,288,821,1
487757,288,843,1
487769,288,865,1
487781,288,887,1
487793,288,909,1
487805,288,931,1
487817,288,953,1
487829,288,975,1
487841,288,997,1
487853,288,1019,1
487865,288,1041,1
487877,288,1063,1
487889,288,1085,1
487901,288,1107,1
487913,288,1129,1
487925,288,1151,1
487937,288,1173,1
487949,288,1195,1
487961,288,1217,1
487973,288,1239,1
487985,288,1261,1
487997,288,1283,1
488009,288,1305,1
488021,288,1327,1
488033,288,1349,1
488045,288,1371,1
488057,288,1393,1
488069,288,1415,1
488081,288,1437,1
488093,288,1459,1
488105,288,1481,1
488117,288,1503,1
488129,288,1525,1
488141,288,1547,1
488153,288,1569,1
488165,288,1591,1
488177,288,1613,1
488189,288,1635,1
488201,288,1657,1
488213,288,1679,1
488225,288,1701,1
488237,288,1723,1
532982,315,4,1
532994,315,26,1
533006,315,48,1
533018,315,70,1
533030,315,92,1
533042,315,114,1
533054,315,136,1
533066,315,158,1
533078,315,180,1
533090,315,202,1
533102,315,224,1
533114,315,246,1
533126,315,268,1
533138,315,290,1
533150,315,312,1
533162,315,334,1
533174,315,356,1
533186,315,378,1
533198,315,400,1
533210,315,422,1
533222,315,444,1
533234,315,466,1
533246,315,488,1
533258,315,510,1
533270,315,532,1
533282,315,554,1
533294,315,576,1
533306,315,598,1
533318,315,620,1
533330,315,642,1
533342,315,664,1
533354,315,686,1
533366,315,708,1
533378,315,730,1
533390,315,752,1
533402,315,774,1
533414,315,796,1
533426,315,818,1
533438,315,840,1
533450,315,862,1
533462,315,884,1
533474,315,906,1
533486,315,928,1
533498,315,950,1
533510,315,972,1
533522,315,994,1
533534,315,1016,1
533546,315,1038,1
533558,315,1060,1
533570,315,1082,1
533582,315,1104,1
533594,315,1126,1
533606,315,1148,1
533618,315,1170,1
533630,315,1192,1
533642,315,1214,1
533654,315,1236,1
533666,315,1258,1
533678,315,1280,1
533690,315,1302,1
533702,315,1324,1
533714,315,1346,1
533726,315,1368,1
533738,315,1390,1
533750,315,1412,1
533762,315,1434,1
533774,315,1456,1
533786,315,1478,1
533798,315,1500,1
533810,315,1522,1
533822,315,1544,1
533834,315,1566,1
533846,315,1588,1
533858,315,1610,1
533870,315,1632,1
533882,315,1654,1
533894,315,1676,1
533906,315,1698,1
533918,315,1720,1
533930,315,1742,1
533942,315,1764,1
533954,315,1786,1
533966,315,1808,1
533978,315,1830,1
533990,315,1852,1
534002,315,1874,1
534014,315,1896,1
534026,315,1918,1
534038,315,1940,1
534050,315,1962,1
534062,315,1984,1
534074,315,2006,1
534086,315,2028,1
534098,315,2050,1
534110,315,2072,1
534122,315,2094,1
534134,315,2116,1
534146,315,2138,1
534158,315,2160,1
534170,315,2182,1
534182,315,2204,1
534194,315,2226,1
534206,315,2248,1
534218,315,2270,1
534230,315,2292,1
534242,315,2314,1
534254,315,2336,1
534266,315,2358,1
534278,315,2380,1
534290,315,2402,1
534302,315,2424,1
534314,315,2446,1
534326,315,2468,1
534338,315,2490,1
534350,315,2512,1
534362,315,2534,1
534374,315,2556,1
534386,315,2578,1
534398,315,2600,1
534410,315,2622,1
534422,315,2644,1
534434,315,2666,1
534446,315,2688,1
534458,315,2710,1
534470,315,2732,1
534482,315,2754,1
534494,315,2776,1
534506,315,2798,1
534518,315,2820,1
534530,315,2842,1
534542,315,2864,1
534554,315,2886,1
534566,315,2908,1
534578,315,2930,1
534590,315,2952,1
534602,315,2974,1
534614,315,2996,1
534626,315,3018,1
534638,315,3040,1
534650,315,3062,1
534662,315,3084,1
692030,410,4,1
692042,410,26,1
692054,410,48,1
692066,410,70,1
692078,410,92,1
692090,410,114,1
692102,410,136,1
692114,410,158,1
692126,410,180,1
692138,410,202,1
692150,410,224,1
692162,410,246,1
692174,410,268,1
692186,410,290,1
692198,410,312,1
692210,410,334,1
692222,410,356,1
692234,410,378,1
692246,410,400,1
692258,410,422,1
692270,410,444,1
692282,410,466,1
692294,410,488,1
692306,410,510,1
692318,410,532,1
692330,410,554,1
692342,410,576,1
692354,410,598,1
692366,410,620,1
692378,410,642,1
692390,410,664,1
692402,410,686,1
692414,410,708,1
692426,410,730,1
692438,410,752,1
692450,410,774,1
692462,410,796,1
692474,410,818,1
692486,410,840,1
692498,410,862,1
692510,410,884,1
692522,410,906,1
692534,410,928,1
692546,410,950,1
692558,410,972,1
692570,410,994,1
692582,410,1016,1
692594,410,1038,1
692606,410,1060,1
692618,410,1082,1
692630,410,1104,1
692642,410,1126,1
692654,410,1148,1
692666,410,1170,1
692678,410,1192,1
692690,410,1214,1
692702,410,1236,1
692714,410,1258,1
692726,410,1280,1
692738,410,1302,1
692750,410,1324,1
692762,410,1346,1
692774,410,1368,1
692786,410,1390,1
692798,410,1412,1
692810,410,1434,1
692822,410,1456,1
692834,410,1478,1
692846,410,1500,1
692858,410,1522,1
692870,410,1544,1
692882,410,1566,1
692894,410,1588,1
692906,410,1610,1
692918,410,1632,1
692930,410,1654,1
692942,410,1676,1
692954,410,1698,1
692966,410,1720,1
692978,410,1742,1
692990,410,1764,1
693002,410,1786,1
693014,410,1808,1
693026,410,1830,1
693038,410,1852,1
693050,410,1874,1
693062,410,1896,1
693074,410,1918,1
693086,410,1940,1
693098,410,1962,1
693110,410,1984,1
693122,410,2006,1
693134,410,2028,1
693146,410,2050,1
693158,410,2072,1
693170,410,2094,1
693182,410,2116,1
693194,410,2138,1
693206,410,2160,1
693218,410,2182,1
693230,410,2204,1
693242,410,2226,1
693254,410,2248,1
693266,410,2270,1
693278,410,2292,1
693290,410,2314,1
693302,410,2336,1
693314,410,2358,1
693326,410,2380,1
693338,410,2402,1
693350,410,2424,1
693362,410,2446,1
693374,410,2468,1
693386,410,2490,1
693398,410,2512,1
693410,410,2534,1
693422,410,2556,1
693434,410,2578,1
693446,410,2600,1
693458,410,2622,1
693470,410,2644,1
693482,410,2666,1
693494,410,2688,1
693506,410,2710,1
693518,410,2732,1
693530,410,2754,1
693542,410,2776,1
693554,410,2798,1
693566,410,2820,1
693578,410,2842,1
693590,410,2864,1
693602,410,2886,1
693614,410,2908,1
693626,410,2930,1
693638,410,2952,1
693650,410,2974,1
693662,410,2996,1
693674,410,3018,1
693686,410,3040,1
693698,410,3062,1
693710,410,3084,1
769867,456,10,1
769879,456,32,1
769891,456,54,1
769903,456,76,1
769915,456,98,1
769927,456,120,1
769939,456,142,1
769951,456,164,1
769963,456,186,1
769975,456,208,1
769987,456,230,1
769999,456,252,1
770011,456,274,1
770023,456,296,1
770035,456,318,1
770047,456,340,1
770059,456,362,1
770071,456,384,1
770083,456,406,1
770095,456,428,1
770107,456,450,1
770119,456,472,1
770131,456,494,1
770143,456,516,1
770155,456,538,1
770167,456,560,1
770179,456,582,1
770191,456,604,1
770203,456,626,1
770215,456,648,1
770227,456,670,1
770239,456,692,1
770251,456,714,1
770263,456,736,1
770275,456,758,1
770287,456,780,1
770299,456,802,1
770311,456,824,1
770323,456,846,1
770335,456,868,1
770347,456,890,1
770359,456,912,1
770371,456,934,1
770383,456,956,1
770395,456,978,1
770407,456,1000,1
770419,456,1022,1
770431,456,1044,1
770443,456,1066,1
770455,456,1088,1
770467,456,1110,1
770479,456,1132,1
770491,456,1154,1
770503,456,1176,1
770515,456,1198,1
770527,456,1220,1
770539,456,1242,1
770551,456,1264,1
770563,456,1286,1
770575,456,1308,1
770587,456,1330,1
770599,456,1352,1
770611,456,1374,1
770623,456,1396,1
770635,456,1418,1
770647,456,1440,1
770659,456,1462,1
770671,456,1484,1
770683,456,1506,1
770695,456,1528,1
770707,456,1550,1
770719,456,1572,1
770731,456,1594,1
770743,456,1616,1
770755,456,1638,1
770767,456,1660,1
770779,456,1682,1
770791,456,1704,1
770803,456,1726,1
770814,456,1747,1
770826,456,1769,1
770838,456,1791,1
770850,456,1813,1
770862,456,1835,1
770874,456,1857,1
770886,456,1879,1
770898,456,1901,1
770910,456,1923,1
770922,456,1945,1
770934,456,1967,1
770946,456,1989,1
770958,456,2011,1
770970,456,2033,1
770982,456,2055,1
770994,456,2077,1
771006,456,2099,1
771018,456,2121,1
771030,456,2143,1
771042,456,2165,1
771054,456,2187,1
771066,456,2209,1
771078,456,2231,1
771090,456,2253,1
771102,456,2275,1
771114,456,2297,1
771126,456,2319,1
771138,456,2341,1
771150,456,2363,1
771162,456,2385,1
771174,456,2407,1
771186,456,2429,1
771198,456,2451,1
771210,456,2473,1
771222,456,2495,1
771234,456,2517,1
771246,456,2539,1
771258,456,2561,1
771270,456,2583,1
771282,456,2605,1
771294,456,2627,1
771306,456,2649,1
771317,456,2670,1
771329,456,2692,1
771341,456,2714,1
771353,456,2736,1
771365,456,2758,1
771377,456,2780,1
771389,456,2802,1
771401,456,2824,1
771413,456,2846,1
771425,456,2868,1
771437,456,2890,1
771449,456,2912,1
771461,456,2934,1
771473,456,2956,1
771485,456,2978,1
771497,456,3000,1
771509,456,3022,1
771521,456,3044,1
771533,456,3066,1
771545,456,3088,1
788474,467,4,1
788486,467,26,1
788498,467,48,1
788510,467,70,1
788522,467,92,1
788534,467,114,1
788546,467,136,1
788558,467,158,1
788570,467,180,1
788582,467,202,1
788594,467,224,1
788606,467,246,1
788618,467,268,1
788630,467,290,1
788642,467,312,1
788654,467,334,1
788666,467,356,1
788678,467,378,1
788690,467,400,1
788702,467,422,1
788714,467,444,1
788726,467,466,1
788738,467,488,1
788750,467,510,1
788762,467,532,1
788774,467,554,1
788786,467,576,1
788798,467,598,1
788810,467,620,1
788822,467,642,1
788834,467,664,1
788846,467,686,1
788858,467,708,1
788870,467,730,1
788882,467,752,1
788894,467,774,1
788906,467,796,1
788918,467,818,1
788930,467,840,1
788942,467,862,1
788954,467,884,1
788966,467,906,1
788978,467,928,1
788990,467,950,1
789002,467,972,1
789014,467,994,1
789026,467,1016,1
789038,467,1038,1
789050,467,1060,1
789062,467,1082,1
789074,467,1104,1
789086,467,1126,1
789098,467,1148,1
789110,467,1170,1
789122,467,1192,1
789134,467,1214,1
789146,467,1236,1
789158,467,1258,1
789170,467,1280,1
789182,467,1302,1
789194,467,1324,1
789206,467,1346,1
789218,467,1368,1
789230,467,1390,1
789242,467,1412,1
789254,467,1434,1
789266,467,1456,1
789278,467,1478,1
789290,467,1500,1
789302,467,1522,1
789314,467,1544,1
789326,467,1566,1
789338,467,1588,1
789350,467,1610,1
789362,467,1632,1
789374,467,1654,1
789386,467,1676,1
789398,467,1698,1
789410,467,1720,1
789422,467,1742,1
789434,467,1764,1
789446,467,1786,1
789458,467,1808,1
789470,467,1830,1
789482,467,1852,1
789494,467,1874,1
789506,467,1896,1
789518,467,1918,1
789530,467,1940,1
789542,467,1962,1
789554,467,1984,1
789566,467,2006,1
789578,467,2028,1
789590,467,2050,1
789602,467,2072,1
789614,467,2094,1
789626,467,2116,1
789638,467,2138,1
789650,467,2160,1
789662,467,2182,1
789674,467,2204,1
789686,467,2226,1
789698,467,2248,1
789710,467,2270,1
789722,467,2292,1
789734,467,2314,1
789746,467,2336,1
789758,467,2358,1
789770,467,2380,1
789782,467,2402,1
789794,467,2424,1
789806,467,2446,1
789818,467,2468,1
789830,467,2490,1
789842,467,2512,1
789854,467,2534,1
789866,467,2556,1
789878,467,2578,1
789890,467,2600,1
789902,467,2622,1
789914,467,2644,1
789926,467,2666,1
789938,467,2688,1
789950,467,2710,1
789962,467,2732,1
789974,467,2754,1
789986,467,2776,1
789998,467,2798,1
790010,467,2820,1
790022,467,2842,1
790034,467,2864,1
790046,467,2886,1
790058,467,2908,1
790070,467,2930,1
790082,467,2952,1
790094,467,2974,1
790106,467,2996,1
790118,467,3018,1
790130,467,3040,1
790142,467,3062,1
790154,467,3084,1
851084,505,12,1
851096,505,34,1
851108,505,56,1
851120,505,78,1
851132,505,100,1
851144,505,122,1
851156,505,144,1
851168,505,166,1
851180,505,188,1
851192,505,210,1
851204,505,232,1
851216,505,254,1
851228,505,276,1
851240,505,298,1
851252,505,320,1
851264,505,342,1
851276,505,364,1
851288,505,386,1
851300,505,408,1
851312,505,430,1
851324,505,452,1
851336,505,474,1
851348,505,496,1
851360,505,518,1
851372,505,540,1
851384,505,562,1
851396,505,584,1
851408,505,606,1
851420,505,628,1
851432,505,650,1
851444,505,672,1
851456,505,694,1
851468,505,716,1
851480,505,738,1
851492,505,760,1
851504,505,782,1
851516,505,804,1
851528,505,826,1
851540,505,848,1
851552,505,870,1
851564,505,892,1
851576,505,914,1
851588,505,936,1
851600,505,958,1
851612,505,980,1
851624,505,1002,1
851636,505,1024,1
851648,505,1046,1
851660,505,1068,1
851672,505,1090,1
851684,505,1112,1
851696,505,1134,1
851708,505,1156,1
851720,505,1178,1
851732,505,1200,1
851744,505,1222,1
851756,505,1244,1
851768,505,1266,1
851780,505,1288,1
851792,505,1310,1
851804,505,1332,1
851816,505,1354,1
851828,505,1376,1
851840,505,1398,1
851852,505,1420,1
851864,505,1442,1
851876,505,1464,1
851888,505,1486,1
851900,505,1508,1
851912,505,1530,1
851924,505,1552,1
851936,505,1574,1
851948,505,1596,1
851960,505,1618,1
851972,505,1640,1
851984,505,1662,1
851996,505,1684,1
852008,505,1706,1
852020,505,1728,1
852031,505,1749,1
852043,505,1771,1
852055,505,1793,1
852067,505,1815,1
852079,505,1837,1
852091,505,1859,1
852103,505,1881,1
852115,505,1903,1
852127,505,1925,1
852139,505,1947,1
852151,505,1969,1
852163,505,1991,1
852175,505,2013,1
852187,505,2035,1
852199,505,2057,1
852211,505,2079,1
852223,505,2101,1
852235,505,2123,1
852247,505,2145,1
852259,505,2167,1
852271,505,2189,1
852283,505,2211,1
852295,505,2233,1
852307,505,2255,1
852319,505,2277,1
852331,505,2299,1
852343,505,2321,1
852355,505,2343,1
852367,505,2365,1
852379,505,2387,1
852391,505,2409,1
852403,505,2431,1
852415,505,2453,1
852427,505,2475,1
852439,505,2497,1
852451,505,2519,1
852463,505,2541,1
852475,505,2563,1
852487,505,2585,1
852499,505,2607,1
852511,505,2629,1
852523,505,2651,1
852534,505,2672,1
852546,505,2694,1
852558,505,2716,1
852570,505,2738,1
852582,505,2760,1
852594,505,2782,1
852606,505,2804,1
852618,505,2826,1
852630,505,2848,1
852642,505,2870,1
852654,505,2892,1
852666,505,2914,1
852678,505,2936,1
852690,505,2958,1
852702,505,2980,1
852714,505,3002,1
852726,505,3024,1
852738,505,3046,1
852750,505,3068,1
852762,505,3090,1
864620,513,12,1
864632,513,34,1
864644,513,56,1
864656,513,78,1
864668,513,100,1
864680,513,122,1
864692,513,144,1
864704,513,166,1
864716,513,188,1
864728,513,210,1
864740,513,232,1
864752,513,254,1
864764,513,276,1
864776,513,298,1
864788,513,320,1
864800,513,342,1
864812,513,364,1
864824,513,386,1
864836,513,408,1
864848,513,430,1
864860,513,452,1
864872,513,474,1
864884,513,496,1
864896,513,518,1
864908,513,540,1
864920,513,562,1
864932,513,584,1
864944,513,606,1
864956,513,628,1
864968,513,650,1
864980,513,672,1
864992,513,694,1
865004,513,716,1
865016,513,738,1
865028,513,760,1
865040,513,782,1
865052,513,804,1
865064,513,826,1
865076,513,848,1
865088,513,870,1
865100,513,892,1
865112,513,914,1
865124,513,936,1
865136,513,958,1
865148,513,980,1
865160,513,1002,1
865172,513,1024,1
865184,513,1046,1
865196,513,1068,1
865208,513,1090,1
865220,513,1112,1
865232,513,1134,1
865244,513,1156,1
865256,513,1178,1
865268,513,1200,1
865280,513,1222,1
865292,513,1244,1
865304,513,1266,1
865316,513,1288,1
865328,513,1310,1
865340,513,1332,1
865352,513,1354,1
865364,513,1376,1
865376,513,1398,1
865388,513,1420,1
865400,513,1442,1
865412,513,1464,1
865424,513,1486,1
865436,513,1508,1
865448,513,1530,1
865460,513,1552,1
865472,513,1574,1
865484,513,1596,1
865496,513,1618,1
865508,513,1640,1
865520,513,1662,1
865532,513,1684,1
865544,513,1706,1
865556,513,1728,1
865567,513,1749,1
865579,513,1771,1
865591,513,1793,1
865603,513,1815,1
865615,513,1837,1
865627,513,1859,1
865639,513,1881,1
865651,513,1903,1
865663,513,1925,1
865675,513,1947,1
865687,513,1969,1
865699,513,1991,1
865711,513,2013,1
865723,513,2035,1
865735,513,2057,1
865747,513,2079,1
865759,513,2101,1
865771,513,2123,1
865783,513,2145,1
865795,513,2167,1
865807,513,2189,1
865819,513,2211,1
865831,513,2233,1
865843,513,2255,1
865855,513,2277,1
865867,513,2299,1
865879,513,2321,1
865891,513,2343,1
865903,513,2365,1
865915,513,2387,1
865927,513,2409,1
865939,513,2431,1
865951,513,2453,1
865963,513,2475,1
865975,513,2497,1
865987,513,2519,1
865999,513,2541,1
866011,513,2563,1
866023,513,2585,1
866035,513,2607,1
866047,513,2629,1
866059,513,2651,1
866070,513,2672,1
866082,513,2694,1
866094,513,2716,1
866106,513,2738,1
866118,513,2760,1
866130,513,2782,1
866142,513,2804,1
866154,513,2826,1
866166,513,2848,1
866178,513,2870,1
866190,513,2892,1
866202,513,2914,1
866214,513,2936,1
866226,513,2958,1
866238,513,2980,1
866250,513,3002,1
866262,513,3024,1
866274,513,3046,1
866286,513,3068,1
866298,513,3090,1
876463,520,10,1
876475,520,32,1
876487,520,54,1
876499,520,76,1
876511,520,98,1
876523,520,120,1
876535,520,142,1
876547,520,164,1
876559,520,186,1
876571,520,208,1
876583,520,230,1
876595,520,252,1
876607,520,274,1
876619,520,296,1
876631,520,318,1
876643,520,340,1
876655,520,362,1
876667,520,384,1
876679,520,406,1
876691,520,428,1
876703,520,450,1
876715,520,472,1
876727,520,494,1
876739,520,516,1
876751,520,538,1
876763,520,560,1
876775,520,582,1
876787,520,604,1
876799,520,626,1
876811,520,648,1
876823,520,670,1
876835,520,692,1
876847,520,714,1
876859,520,736,1
876871,520,758,1
876883,520,780,1
876895,520,802,1
876907,520,824,1
876919,520,846,1
876931,520,868,1
876943,520,890,1
876955,520,912,1
876967,520,934,1
876979,520,956,1
876991,520,978,1
877003,520,1000,1
877015,520,1022,1
877027,520,1044,1
877039,520,1066,1
877051,520,1088,1
877063,520,1110,1
877075,520,1132,1
877087,520,1154,1
877099,520,1176,1
877111,520,1198,1
877123,520,1220,1
877135,520,1242,1
877147,520,1264,1
877159,520,1286,1
877171,520,1308,1
877183,520,1330,1
877195,520,1352,1
877207,520,1374,1
877219,520,1396,1
877231,520,1418,1
877243,520,1440,1
877255,520,1462,1
877267,520,1484,1
877279,520,1506,1
877291,520,1528,1
877303,520,1550,1
877315,520,1572,1
877327,520,1594,1
877339,520,1616,1
877351,520,1638,1
877363,520,1660,1
877375,520,1682,1
877387,520,1704,1
877399,520,1726,1
877410,520,1747,1
877422,520,1769,1
877434,520,1791,1
877446,520,1813,1
877458,520,1835,1
877470,520,1857,1
877482,520,1879,1
877494,520,1901,1
877506,520,1923,1
877518,520,1945,1
877530,520,1967,1
877542,520,1989,1
877554,520,2011,1
877566,520,2033,1
877578,520,2055,1
877590,520,2077,1
877602,520,2099,1
877614,520,2121,1
877626,520,2143,1
877638,520,2165,1
877650,520,2187,1
877662,520,2209,1
877674,520,2231,1
877686,520,2253,1
877698,520,2275,1
877710,520,2297,1
877722,520,2319,1
877734,520,2341,1
877746,520,2363,1
877758,520,2385,1
877770,520,2407,1
877782,520,2429,1
877794,520,2451,1
877806,520,2473,1
877818,520,2495,1
877830,520,2517,1
877842,520,2539,1
877854,520,2561,1
877866,520,2583,1
877878,520,2605,1
877890,520,2627,1
877902,520,2649,1
877913,520,2670,1
877925,520,2692,1
877937,520,2714,1
877949,520,2736,1
877961,520,2758,1
877973,520,2780,1
877985,520,2802,1
877997,520,2824,1
878009,520,2846,1
878021,520,2868,1
878033,520,2890,1
878045,520,2912,1
878057,520,2934,1
878069,520,2956,1
878081,520,2978,1
878093,520,3000,1
878105,520,3022,1
878117,520,3044,1
878129,520,3066,1
878141,520,3088,1
937368,556,1,1
937370,556,23,1
937372,556,45,1
937374,556,67,1
937376,556,89,1
937378,556,111,1
937380,556,133,1
937382,556,155,1
937384,556,177,1
937386,556,199,1
937388,556,221,1
937390,556,243,1
937392,556,265,1
937394,556,287,1
937396,556,309,1
937398,556,331,1
937400,556,353,1
937402,556,375,1
937404,556,397,1
937406,556,419,1
937408,556,441,1
937410,556,463,1
937412,556,485,1
937414,556,507,1
937416,556,529,1
937418,556,551,1
937420,556,573,1
937422,556,595,1
937424,556,617,1
937426,556,639,1
937428,556,661,1
937430,556,683,1
937432,556,705,1
937434,556,727,1
937436,556,749,1
937438,556,771,1
937440,556,793,1
937442,556,815,1
937444,556,837,1
937446,556,859,1
937448,556,881,1
937450,556,903,1
937452,556,925,1
937454,556,947,1
937456,556,969,1
937458,556,991,1
937460,556,1013,1
937462,556,1035,1
937464,556,1057,1
937466,556,1079,1
937468,556,1101,1
937470,556,1123,1
937472,556,1145,1
937474,556,1167,1
937476,556,1189,1
937478,556,1211,1
937480,556,1233,1
937482,556,1255,1
937484,556,1277,1
937486,556,1299,1
937488,556,1321,1
937490,556,1343,1
937492,556,1365,1
937494,556,1387,1
937496,556,1409,1
937498,556,1431,1
937500,556,1453,1
937502,556,1475,1
937504,556,1497,1
937506,556,1519,1
937508,556,1541,1
937510,556,1563,1
937512,556,1585,1
937514,556,1608,1
937516,556,1630,1
937518,556,1652,1
937520,556,1674,1
937522,556,1696,1
937524,556,1718,1
937526,556,1740,1
937528,556,1762,1
937530,556,1784,1
937532,556,1806,1
937534,556,1828,1
937536,556,1850,1
937538,556,1872,1
937540,556,1894,1
937542,556,1916,1
937544,556,1938,1
937546,556,1960,1
937548,556,1982,1
937550,556,2004,1
937552,556,2026,1
937554,556,2048,1
937556,556,2070,1
937558,556,2092,1
937560,556,2114,1
937562,556,2136,1
937564,556,2158,1
937566,556,2180,1
937568,556,2202,1
937570,556,2224,1
937572,556,2246,1
937574,556,2268,1
937576,556,2290,1
937578,556,2312,1
937580,556,2334,1
937582,556,2356,1
937584,556,2378,1
937586,556,2400,1
937588,556,2422,1
937590,556,2444,1
937592,556,2466,1
937594,556,2488,1
937596,556,2510,1
937598,556,2532,1
937600,556,2554,1
937602,556,2576,1
937604,556,2598,1
937606,556,2620,1
937608,556,2642,1
937610,556,2664,1
937612,556,2686,1
937614,556,2708,1
937616,556,2730,1
937618,556,2752,1
937620,556,2774,1
937622,556,2796,1
937624,556,2818,1
937626,556,2840,1
937628,556,2862,1
937630,556,2884,1
937632,556,2906,1
937634,556,2928,1
937636,556,2950,1
937638,556,2972,1
937640,556,2994,1
937642,556,3016,1
937644,556,3038,1
937646,556,3060,1
937648,556,3082,1
959364,634,1,1
959366,634,23,1
959368,634,45,1
959370,634,67,1
959372,634,89,1
959374,634,111,1
959376,634,133,1
959378,634,155,1
959380,634,177,1
959382,634,199,1
959384,634,221,1
959386,634,243,1
959388,634,265,1
959390,634,287,1
959392,634,309,1
959394,634,331,1
959396,634,353,1
959398,634,375,1
959400,634,397,1
959402,634,419,1
959404,634,441,1
959406,634,463,1
959408,634,485,1
959410,634,507,1
959412,634,529,1
959414,634,551,1
959416,634,573,1
959418,634,595,1
959420,634,617,1
959422,634,639,1
959424,634,661,1
959426,634,683,1
959428,634,705,1
959430,634,727,1
959432,634,749,1
959434,634,771,1
959436,634,793,1
959438,634,815,1
959440,634,837,1
959442,634,859,1
959444,634,881,1
959446,634,903,1
959448,634,925,1
959450,634,947,1
959452,634,969,1
959454,634,991,1
959456,634,1013,1
959458,634,1035,1
959460,634,1057,1
959462,634,1079,1
959464,634,1101,1
959466,634,1123,1
959468,634,1145,1
959470,634,1167,1
959472,634,1189,1
959474,634,1211,1
959476,634,1233,1
959478,634,1255,1
959480,634,1277,1
959482,634,1299,1
959484,634,1321,1
959486,634,1343,1
959488,634,1365,1
959490,634,1387,1
959492,634,1409,1
959494,634,1431,1
959496,634,1453,1
959498,634,1475,1
959500,634,1497,1
959502,634,1519,1
959504,634,1541,1
959506,634,1563,1
959508,634,1585,1
959510,634,1608,1
959512,634,1630,1
959514,634,1652,1
959516,634,1674,1
959518,634,1696,1
959520,634,1718,1
959522,634,1740,1
959524,634,1762,1
959526,634,1784,1
959528,634,1806,1
959530,634,1828,1
959532,634,1850,1
959534,634,1872,1
959536,634,1894,1
959538,634,1916,1
959540,634,1938,1
959542,634,1960,1
959544,634,1982,1
959546,634,2004,1
959548,634,2026,1
959550,634,2048,1
959552,634,2070,1
959554,634,2092,1
959556,634,2114,1
959558,634,2136,1
959560,634,2158,1
959562,634,2180,1
959564,634,2202,1
959566,634,2224,1
959568,634,2246,1
959570,634,2268,1
959572,634,2290,1
959574,634,2312,1
959576,634,2334,1
959578,634,2356,1
959580,634,2378,1
959582,634,2400,1
959584,634,2422,1
959586,634,2444,1
959588,634,2466,1
959590,634,2488,1
959592,634,2510,1
959594,634,2532,1
959596,634,2554,1
959598,634,2576,1
959600,634,2598,1
959602,634,2620,1
959604,634,2642,1
959606,634,2664,1
959608,634,2686,1
959610,634,2708,1
959612,634,2730,1
959614,634,2752,1
959616,634,2774,1
959618,634,2796,1
959620,634,2818,1
959622,634,2840,1
959624,634,2862,1
959626,634,2884,1
959628,634,2906,1
959630,634,2928,1
959632,634,2950,1
959634,634,2972,1
959636,634,2994,1
959638,634,3016,1
959640,634,3038,1
959642,634,3060,1
959644,634,3082,1
1019431,847,17,1
1019433,847,39,1
1019435,847,61,1
1019437,847,83,1
1019439,847,105,1
1019441,847,127,1
1019443,847,149,1
1019445,847,171,1
1019447,847,193,1
1019449,847,215,1
1019451,847,237,1
1019453,847,259,1
1019455,847,281,1
1019457,847,303,1
1019459,847,325,1
1019461,847,347,1
1019463,847,369,1
1019465,847,391,1
1019467,847,413,1
1019469,847,435,1
1019471,847,457,1
1019473,847,479,1
1019475,847,501,1
1019477,847,523,1
1019479,847,545,1
1019481,847,567,1
1019483,847,589,1
1019485,847,611,1
1019487,847,633,1
1019489,847,655,1
1019491,847,677,1
1019493,847,699,1
1019495,847,721,1
1019497,847,743,1
1019499,847,765,1
1019501,847,787,1
1019503,847,809,1
1019505,847,831,1
1019507,847,853,1
1019509,847,875,1
1019511,847,897,1
1019513,847,919,1
1019515,847,941,1
1019517,847,963,1
1019519,847,985,1
1019521,847,1007,1
1019523,847,1029,1
1019525,847,1051,1
1019527,847,1073,1
1019529,847,1095,1
1019531,847,1117,1
1019533,847,1139,1
1019535,847,1161,1
1019537,847,1183,1
1019539,847,1205,1
1019541,847,1227,1
1019543,847,1249,1
1019545,847,1271,1
1019547,847,1293,1
1019549,847,1315,1
1019551,847,1337,1
1019553,847,1359,1
1019555,847,1381,1
1019557,847,1403,1
1019559,847,1425,1
1019561,847,1447,1
1019563,847,1469,1
1019565,847,1491,1
1019567,847,1513,1
1019569,847,1535,1
1019571,847,1557,1
1019573,847,1579,1
1019575,847,1601,1
1019577,847,1623,1
1019579,847,1645,1
1019581,847,1667,1
1019583,847,1689,1
1019585,847,1711,1
1019587,847,1733,1
1019589,847,1754,1
1019591,847,1776,1
1019593,847,1798,1
1019595,847,1820,1
1019597,847,1842,1
1019599,847,1864,1
1019601,847,1886,1
1019603,847,1908,1
1019605,847,1930,1
1019607,847,1952,1
1019609,847,1974,1
1019611,847,1996,1
1019613,847,2018,1
1019615,847,2040,1
1019617,847,2062,1
1019619,847,2084,1
1019621,847,2106,1
1019623,847,2128,1
1019625,847,2150,1
1019627,847,2172,1
1019629,847,2194,1
1019631,847,2216,1
1019633,847,2238,1
1019635,847,2260,1
1019637,847,2282,1
1019639,847,2304,1
1019641,847,2326,1
1019643,847,2348,1
1019645,847,2370,1
1019647,847,2392,1
1019649,847,2414,1
1019651,847,2436,1
1019653,847,2458,1
1019655,847,2480,1
1019657,847,2502,1
1019659,847,2524,1
1019661,847,2546,1
1019663,847,2568,1
1019665,847,2590,1
1019667,847,2612,1
1019669,847,2634,1
1019671,847,2656,1
1019673,847,2678,1
1019675,847,2700,1
1019677,847,2722,1
1019679,847,2744,1
1019681,847,2766,1
1019683,847,2788,1
1019685,847,2810,1
1019687,847,2832,1
1019689,847,2854,1
1019691,847,2876,1
1019693,847,2898,1
1019695,847,2920,1
1019697,847,2942,1
1019699,847,2964,1
1019701,847,2986,1
1019703,847,3008,1
1019705,847,3030,1
1019707,847,3052,1
1019709,847,3074,1
1019711,847,3096,1
1026480,872,1,1
1026482,872,23,1
1026484,872,45,1
1026486,872,67,1
1026488,872,89,1
1026490,872,111,1
1026492,872,133,1
1026494,872,155,1
1026496,872,177,1
1026498,872,199,1
1026500,872,221,1
1026502,872,243,1
1026504,872,265,1
1026506,872,287,1
1026508,872,309,1
1026510,872,331,1
1026512,872,353,1
1026514,872,375,1
1026516,872,397,1
1026518,872,419,1
1026520,872,441,1
1026522,872,463,1
1026524,872,485,1
1026526,872,507,1
1026528,872,529,1
1026530,872,551,1
1026532,872,573,1
1026534,872,595,1
1026536,872,617,1
1026538,872,639,1
1026540,872,661,1
1026542,872,683,1
1026544,872,705,1
1026546,872,727,1
1026548,872,749,1
1026550,872,771,1
1026552,872,793,1
1026554,872,815,1
1026556,872,837,1
1026558,872,859,1
1026560,872,881,1
1026562,872,903,1
1026564,872,925,1
1026566,872,947,1
1026568,872,969,1
1026570,872,991,1
1026572,872,1013,1
1026574,872,1035,1
1026576,872,1057,1
1026578,872,1079,1
1026580,872,1101,1
1026582,872,1123,1
1026584,872,1145,1
1026586,872,1167,1
1026588,872,1189,1
1026590,872,1211,1
1026592,872,1233,1
1026594,872,1255,1
1026596,872,1277,1
1026598,872,1299,1
1026600,872,1321,1
1026602,872,1343,1
1026604,872,1365,1
1026606,872,1387,1
1026608,872,1409,1
1026610,872,1431,1
1026612,872,1453,1
1026614,872,1475,1
1026616,872,1497,1
1026618,872,1519,1
1026620,872,1541,1
1026622,872,1563,1
1026624,872,1585,1
1026626,872,1608,1
1026628,872,1630,1
1026630,872,1652,1
1026632,872,1674,1
1026634,872,1696,1
1026636,872,1718,1
1026638,872,1740,1
1026640,872,1762,1
1026642,872,1784,1
1026644,872,1806,1
1026646,872,1828,1
1026648,872,1850,1
1026650,872,1872,1
1026652,872,1894,1
1026654,872,1916,1
1026656,872,1938,1
1026658,872,1960,1
1026660,872,1982,1
1026662,872,2004,1
1026664,872,2026,1
1026666,872,2048,1
1026668,872,2070,1
1026670,872,2092,1
1026672,872,2114,1
1026674,872,2136,1
1026676,872,2158,1
1026678,872,2180,1
1026680,872,2202,1
1026682,872,2224,1
1026684,872,2246,1
1026686,872,2268,1
1026688,872,2290,1
1026690,872,2312,1
1026692,872,2334,1
1026694,872,2356,1
1026696,872,2378,1
1026698,872,2400,1
1026700,872,2422,1
1026702,872,2444,1
1026704,872,2466,1
1026706,872,2488,1
1026708,872,2510,1
1026710,872,2532,1
1026712,872,2554,1
1026714,872,2576,1
1026716,872,2598,1
1026718,872,2620,1
1026720,872,2642,1
1026722,872,2664,1
1026724,872,2686,1
1026726,872,2708,1
1026728,872,2730,1
1026730,872,2752,1
1026732,872,2774,1
1026734,872,2796,1
1026736,872,2818,1
1026738,872,2840,1
1026740,872,2862,1
1026742,872,2884,1
1026744,872,2906,1
1026746,872,2928,1
1026748,872,2950,1
1026750,872,2972,1
1026752,872,2994,1
1026754,872,3016,1
1026756,872,3038,1
1026758,872,3060,1
1026760,872,3082,1
1280001,1447,20,1
1280005,1447,42,1
1280009,1447,64,1
1280013,1447,86,1
1280017,1447,108,1
1280021,1447,130,1
1280025,1447,152,1
1280029,1447,174,1
1280033,1447,196,1
1280037,1447,218,1
1280041,1447,240,1
1280045,1447,262,1
1280049,1447,284,1
1280053,1447,306,1
1280057,1447,328,1
1280061,1447,350,1
1280065,1447,372,1
1280069,1447,394,1
1280073,1447,416,1
1280077,1447,438,1
1280081,1447,460,1
1280085,1447,482,1
1280089,1447,504,1
1280093,1447,526,1
1280097,1447,548,1
1280101,1447,570,1
1280105,1447,592,1
1280109,1447,614,1
1280113,1447,636,1
1280117,1447,658,1
1280121,1447,680,1
1280125,1447,702,1
1280129,1447,724,1
1280133,1447,746,1
1280137,1447,768,1
1280141,1447,790,1
1280145,1447,812,1
1280149,1447,834,1
1280153,1447,856,1
1280157,1447,878,1
1280161,1447,900,1
1280165,1447,922,1
1280169,1447,944,1
1280173,1447,966,1
1280177,1447,988,1
1280181,1447,1010,1
1280185,1447,1032,1
1280189,1447,1054,1
1280193,1447,1076,1
1280197,1447,1098,1
1280201,1447,1120,1
1280205,1447,1142,1
1280209,1447,1164,1
1280213,1447,1186,1
1280217,1447,1208,1
1280221,1447,1230,1
1280225,1447,1252,1
1280229,1447,1274,1
1280233,1447,1296,1
1280237,1447,1318,1
1280241,1447,1340,1
1280245,1447,1362,1
1280249,1447,1384,1
1280253,1447,1406,1
1280257,1447,1428,1
1280261,1447,1450,1
1280265,1447,1472,1
1280269,1447,1494,1
1280273,1447,1516,1
1280277,1447,1538,1
1280281,1447,1560,1
1280285,1447,1582,1
1280289,1447,1604,1
1280293,1447,1626,1
1280297,1447,1648,1
1280301,1447,1670,1
1280305,1447,1692,1
1280309,1447,1714,1
1280313,1447,1736,1
1280317,1447,1757,1
1280321,1447,1779,1
1280325,1447,1801,1
1280329,1447,1823,1
1280333,1447,1845,1
1280337,1447,1867,1
1280341,1447,1889,1
1280345,1447,1911,1
1280349,1447,1933,1
1280353,1447,1955,1
1280357,1447,1977,1
1280361,1447,1999,1
1280365,1447,2021,1
1280369,1447,2043,1
1280373,1447,2065,1
1280377,1447,2087,1
1280381,1447,2109,1
1280385,1447,2131,1
1280389,1447,2153,1
1280393,1447,2175,1
1280397,1447,2197,1
1280401,1447,2219,1
1280405,1447,2241,1
1280409,1447,2263,1
1280413,1447,2285,1
1280417,1447,2307,1
1280421,1447,2329,1
1280425,1447,2351,1
1280429,1447,2373,1
1280433,1447,2395,1
1280437,1447,2417,1
1280441,1447,2439,1
1280445,1447,2461,1
1280449,1447,2483,1
1280453,1447,2505,1
1280457,1447,2527,1
1280461,1447,2549,1
1280465,1447,2571,1
1280469,1447,2593,1
1280473,1447,2615,1
1280477,1447,2637,1
1280481,1447,2659,1
1280485,1447,2681,1
1280489,1447,2703,1
1280493,1447,2725,1
1280497,1447,2747,1
1280501,1447,2769,1
1280505,1447,2791,1
1280509,1447,2813,1
1280513,1447,2835,1
1280517,1447,2857,1
1280521,1447,2879,1
1280525,1447,2901,1
1280529,1447,2923,1
1280533,1447,2945,1
1280537,1447,2967,1
1280541,1447,2989,1
1280545,1447,3011,1
1280549,1447,3033,1
1280553,1447,3055,1
1280557,1447,3077,1
1280561,1447,3099,1
1480500,2006,2,1
1480503,2006,24,1
1480506,2006,46,1
1480509,2006,68,1
1480512,2006,90,1
1480515,2006,112,1
1480518,2006,134,1
1480521,2006,156,1
1480524,2006,178,1
1480527,2006,200,1
1480530,2006,222,1
1480533,2006,244,1
1480536,2006,266,1
1480539,2006,288,1
1480542,2006,310,1
1480545,2006,332,1
1480548,2006,354,1
1480551,2006,376,1
1480554,2006,398,1
1480557,2006,420,1
1480560,2006,442,1
1480563,2006,464,1
1480566,2006,486,1
1480569,2006,508,1
1480572,2006,530,1
1480575,2006,552,1
1480578,2006,574,1
1480581,2006,596,1
1480584,2006,618,1
1480587,2006,640,1
1480590,2006,662,1
1480593,2006,684,1
1480596,2006,706,1
1480599,2006,728,1
1480602,2006,750,1
1480605,2006,772,1
1480608,2006,794,1
1480611,2006,816,1
1480614,2006,838,1
1480617,2006,860,1
1480620,2006,882,1
1480623,2006,904,1
1480626,2006,926,1
1480629,2006,948,1
1480632,2006,970,1
1480635,2006,992,1
1480638,2006,1014,1
1480641,2006,1036,1
1480644,2006,1058,1
1480647,2006,1080,1
1480650,2006,1102,1
1480653,2006,1124,1
1480656,2006,1146,1
1480659,2006,1168,1
1480662,2006,1190,1
1480665,2006,1212,1
1480668,2006,1234,1
1480671,2006,1256,1
1480674,2006,1278,1
1480677,2006,1300,1
1480680,2006,1322,1
1480683,2006,1344,1
1480686,2006,1366,1
1480689,2006,1388,1
1480692,2006,1410,1
1480695,2006,1432,1
1480698,2006,1454,1
1480701,2006,1476,1
1480704,2006,1498,1
1480707,2006,1520,1
1480710,2006,1542,1
1480713,2006,1564,1
1480716,2006,1586,1
1480719,2006,1609,1
1480722,2006,1631,1
1480725,2006,1653,1
1480728,2006,1675,1
1480731,2006,1697,1
1480734,2006,1719,1
1480737,2006,1741,1
1480740,2006,1763,1
1480743,2006,1785,1
1480746,2006,1807,1
1480749,2006,1829,1
1480752,2006,1851,1
1480755,2006,1873,1
1480758,2006,1895,1
1480761,2006,1917,1
1480764,2006,1939,1
1480767,2006,1961,1
1480770,2006,1983,1
1480773,2006,2005,1
1480776,2006,2027,1
1480779,2006,2049,1
1480782,2006,2071,1
1480785,2006,2093,1
1480788,2006,2115,1
1480791,2006,2137,1
1480794,2006,2159,1
1480797,2006,2181,1
1480800,2006,2203,1
1480803,2006,2225,1
1480806,2006,2247,1
1480809,2006,2269,1
1480812,2006,2291,1
1480815,2006,2313,1
1480818,2006,2335,1
1480821,2006,2357,1
1480824,2006,2379,1
1480827,2006,2401,1
1480830,2006,2423,1
1480833,2006,2445,1
1480836,2006,2467,1
1480839,2006,2489,1
1480842,2006,2511,1
1480845,2006,2533,1
1480848,2006,2555,1
1480851,2006,2577,1
1480854,2006,2599,1
1480857,2006,2621,1
1480860,2006,2643,1
1480863,2006,2665,1
1480866,2006,2687,1
1480869,2006,2709,1
1480872,2006,2731,1
1480875,2006,2753,1
1480878,2006,2775,1
1480881,2006,2797,1
1480884,2006,2819,1
1480887,2006,2841,1
1480890,2006,2863,1
1480893,2006,2885,1
1480896,2006,2907,1
1480899,2006,2929,1
1480902,2006,2951,1
1480905,2006,2973,1
1480908,2006,2995,1
1480911,2006,3017,1
1480914,2006,3039,1
1480917,2006,3061,1
1480920,2006,3083,1
1482194,2010,15,1
1482197,2010,37,1
1482200,2010,59,1
1482203,2010,81,1
1482206,2010,103,1
1482209,2010,125,1
1482212,2010,147,1
1482215,2010,169,1
1482218,2010,191,1
1482221,2010,213,1
1482224,2010,235,1
1482227,2010,257,1
1482230,2010,279,1
1482233,2010,301,1
1482236,2010,323,1
1482239,2010,345,1
1482242,2010,367,1
1482245,2010,389,1
1482248,2010,411,1
1482251,2010,433,1
1482254,2010,455,1
1482257,2010,477,1
1482260,2010,499,1
1482263,2010,521,1
1482266,2010,543,1
1482269,2010,565,1
1482272,2010,587,1
1482275,2010,609,1
1482278,2010,631,1
1482281,2010,653,1
1482284,2010,675,1
1482287,2010,697,1
1482290,2010,719,1
1482293,2010,741,1
1482296,2010,763,1
1482299,2010,785,1
1482302,2010,807,1
1482305,2010,829,1
1482308,2010,851,1
1482311,2010,873,1
1482314,2010,895,1
1482317,2010,917,1
1482320,2010,939,1
1482323,2010,961,1
1482326,2010,983,1
1482329,2010,1005,1
1482332,2010,1027,1
1482335,2010,1049,1
1482338,2010,1071,1
1482341,2010,1093,1
1482344,2010,1115,1
1482347,2010,1137,1
1482350,2010,1159,1
1482353,2010,1181,1
1482356,2010,1203,1
1482359,2010,1225,1
1482362,2010,1247,1
1482365,2010,1269,1
1482368,2010,1291,1
1482371,2010,1313,1
1482374,2010,1335,1
1482377,2010,1357,1
1482380,2010,1379,1
1482383,2010,1401,1
1482386,2010,1423,1
1482389,2010,1445,1
1482392,2010,1467,1
1482395,2010,1489,1
1482398,2010,1511,1
1482401,2010,1533,1
1482404,2010,1555,1
1482407,2010,1577,1
1482410,2010,1599,1
1482413,2010,1621,1
1482416,2010,1643,1
1482419,2010,1665,1
1482422,2010,1687,1
1482425,2010,1709,1
1482428,2010,1731,1
1482431,2010,1752,1
1482434,2010,1774,1
1482437,2010,1796,1
1482440,2010,1818,1
1482443,2010,1840,1
1482446,2010,1862,1
1482449,2010,1884,1
1482452,2010,1906,1
1482455,2010,1928,1
1482458,2010,1950,1
1482461,2010,1972,1
1482464,2010,1994,1
1482467,2010,2016,1
1482470,2010,2038,1
1482473,2010,2060,1
1482476,2010,2082,1
1482479,2010,2104,1
1482482,2010,2126,1
1482485,2010,2148,1
1482488,2010,2170,1
1482491,2010,2192,1
1482494,2010,2214,1
1482497,2010,2236,1
1482500,2010,2258,1
1482503,2010,2280,1
1482506,2010,2302,1
1482509,2010,2324,1
1482512,2010,2346,1
1482515,2010,2368,1
1482518,2010,2390,1
1482521,2010,2412,1
1482524,2010,2434,1
1482527,2010,2456,1
1482530,2010,2478,1
1482533,2010,2500,1
1482536,2010,2522,1
1482539,2010,2544,1
1482542,2010,2566,1
1482545,2010,2588,1
1482548,2010,2610,1
1482551,2010,2632,1
1482554,2010,2654,1
1482557,2010,2676,1
1482560,2010,2698,1
1482563,2010,2720,1
1482566,2010,2742,1
1482569,2010,2764,1
1482572,2010,2786,1
1482575,2010,2808,1
1482578,2010,2830,1
1482581,2010,2852,1
1482584,2010,2874,1
1482587,2010,2896,1
1482590,2010,2918,1
1482593,2010,2940,1
1482596,2010,2962,1
1482599,2010,2984,1
1482602,2010,3006,1
1482605,2010,3028,1
1482608,2010,3050,1
1482611,2010,3072,1
1482614,2010,3094,1
1490653,2030,11,1
1490656,2030,33,1
1490659,2030,55,1
1490662,2030,77,1
1490665,2030,99,1
1490668,2030,121,1
1490671,2030,143,1
1490674,2030,165,1
1490677,2030,187,1
1490680,2030,209,1
1490683,2030,231,1
1490686,2030,253,1
1490689,2030,275,1
1490692,2030,297,1
1490695,2030,319,1
1490698,2030,341,1
1490701,2030,363,1
1490704,2030,385,1
1490707,2030,407,1
1490710,2030,429,1
1490713,2030,451,1
1490716,2030,473,1
1490719,2030,495,1
1490722,2030,517,1
1490725,2030,539,1
1490728,2030,561,1
1490731,2030,583,1
1490734,2030,605,1
1490737,2030,627,1
1490740,2030,649,1
1490743,2030,671,1
1490746,2030,693,1
1490749,2030,715,1
1490752,2030,737,1
1490755,2030,759,1
1490758,2030,781,1
1490761,2030,803,1
1490764,2030,825,1
1490767,2030,847,1
1490770,2030,869,1
1490773,2030,891,1
1490776,2030,913,1
1490779,2030,935,1
1490782,2030,957,1
1490785,2030,979,1
1490788,2030,1001,1
1490791,2030,1023,1
1490794,2030,1045,1
1490797,2030,1067,1
1490800,2030,1089,1
1490803,2030,1111,1
1490806,2030,1133,1
1490809,2030,1155,1
1490812,2030,1177,1
1490815,2030,1199,1
1490818,2030,1221,1
1490821,2030,1243,1
1490824,2030,1265,1
1490827,2030,1287,1
1490830,2030,1309,1
1490833,2030,1331,1
1490836,2030,1353,1
1490839,2030,1375,1
1490842,2030,1397,1
1490845,2030,1419,1
1490848,2030,1441,1
1490851,2030,1463,1
1490854,2030,1485,1
1490857,2030,1507,1
1490860,2030,1529,1
1490863,2030,1551,1
1490866,2030,1573,1
1490869,2030,1595,1
1490872,2030,1617,1
1490875,2030,1639,1
1490878,2030,1661,1
1490881,2030,1683,1
1490884,2030,1705,1
1490887,2030,1727,1
1490890,2030,1748,1
1490893,2030,1770,1
1490896,2030,1792,1
1490899,2030,1814,1
1490902,2030,1836,1
1490905,2030,1858,1
1490908,2030,1880,1
1490911,2030,1902,1
1490914,2030,1924,1
1490917,2030,1946,1
1490920,2030,1968,1
1490923,2030,1990,1
1490926,2030,2012,1
1490929,2030,2034,1
1490932,2030,2056,1
1490935,2030,2078,1
1490938,2030,2100,1
1490941,2030,2122,1
1490944,2030,2144,1
1490947,2030,2166,1
1490950,2030,2188,1
1490953,2030,2210,1
1490956,2030,2232,1
1490959,2030,2254,1
1490962,2030,2276,1
1490965,2030,2298,1
1490968,2030,2320,1
1490971,2030,2342,1
1490974,2030,2364,1
1490977,2030,2386,1
1490980,2030,2408,1
1490983,2030,2430,1
1490986,2030,2452,1
1490989,2030,2474,1
1490992,2030,2496,1
1490995,2030,2518,1
1490998,2030,2540,1
1491001,2030,2562,1
1491004,2030,2584,1
1491007,2030,2606,1
1491010,2030,2628,1
1491013,2030,2650,1
1491016,2030,2671,1
1491019,2030,2693,1
1491022,2030,2715,1
1491025,2030,2737,1
1491028,2030,2759,1
1491031,2030,2781,1
1491034,2030,2803,1
1491037,2030,2825,1
1491040,2030,2847,1
1491043,2030,2869,1
1491046,2030,2891,1
1491049,2030,2913,1
1491052,2030,2935,1
1491055,2030,2957,1
1491058,2030,2979,1
1491061,2030,3001,1
1491064,2030,3023,1
1491067,2030,3045,1
1491070,2030,3067,1
1491073,2030,3089,1
1543105,2154,11,1
1543108,2154,33,1
1543111,2154,55,1
1543114,2154,77,1
1543117,2154,99,1
1543120,2154,121,1
1543123,2154,143,1
1543126,2154,165,1
1543129,2154,187,1
1543132,2154,209,1
1543135,2154,231,1
1543138,2154,253,1
1543141,2154,275,1
1543144,2154,297,1
1543147,2154,319,1
1543150,2154,341,1
1543153,2154,363,1
1543156,2154,385,1
1543159,2154,407,1
1543162,2154,429,1
1543165,2154,451,1
1543168,2154,473,1
1543171,2154,495,1
1543174,2154,517,1
1543177,2154,539,1
1543180,2154,561,1
1543183,2154,583,1
1543186,2154,605,1
1543189,2154,627,1
1543192,2154,649,1
1543195,2154,671,1
1543198,2154,693,1
1543201,2154,715,1
1543204,2154,737,1
1543207,2154,759,1
1543210,2154,781,1
1543213,2154,803,1
1543216,2154,825,1
1543219,2154,847,1
1543222,2154,869,1
1543225,2154,891,1
1543228,2154,913,1
1543231,2154,935,1
1543234,2154,957,1
1543237,2154,979,1
1543240,2154,1001,1
1543243,2154,1023,1
1543246,2154,1045,1
1543249,2154,1067,1
1543252,2154,1089,1
1543255,2154,1111,1
1543258,2154,1133,1
1543261,2154,1155,1
1543264,2154,1177,1
1543267,2154,1199,1
1543270,2154,1221,1
1543273,2154,1243,1
1543276,2154,1265,1
1543279,2154,1287,1
1543282,2154,1309,1
1543285,2154,1331,1
1543288,2154,1353,1
1543291,2154,1375,1
1543294,2154,1397,1
1543297,2154,1419,1
1543300,2154,1441,1
1543303,2154,1463,1
1543306,2154,1485,1
1543309,2154,1507,1
1543312,2154,1529,1
1543315,2154,1551,1
1543318,2154,1573,1
1543321,2154,1595,1
1543324,2154,1617,1
1543327,2154,1639,1
1543330,2154,1661,1
1543333,2154,1683,1
1543336,2154,1705,1
1543339,2154,1727,1
1543342,2154,1748,1
1543345,2154,1770,1
1543348,2154,1792,1
1543351,2154,1814,1
1543354,2154,1836,1
1543357,2154,1858,1
1543360,2154,1880,1
1543363,2154,1902,1
1543366,2154,1924,1
1543369,2154,1946,1
1543372,2154,1968,1
1543375,2154,1990,1
1543378,2154,2012,1
1543381,2154,2034,1
1543384,2154,2056,1
1543387,2154,2078,1
1543390,2154,2100,1
1543393,2154,2122,1
1543396,2154,2144,1
1543399,2154,2166,1
1543402,2154,2188,1
1543405,2154,2210,1
1543408,2154,2232,1
1543411,2154,2254,1
1543414,2154,2276,1
1543417,2154,2298,1
1543420,2154,2320,1
1543423,2154,2342,1
1543426,2154,2364,1
1543429,2154,2386,1
1543432,2154,2408,1
1543435,2154,2430,1
1543438,2154,2452,1
1543441,2154,2474,1
1543444,2154,2496,1
1543447,2154,2518,1
1543450,2154,2540,1
1543453,2154,2562,1
1543456,2154,2584,1
1543459,2154,2606,1
1543462,2154,2628,1
1543465,2154,2650,1
1543468,2154,2671,1
1543471,2154,2693,1
1543474,2154,2715,1
1543477,2154,2737,1
1543480,2154,2759,1
1543483,2154,2781,1
1543486,2154,2803,1
1543489,2154,2825,1
1543492,2154,2847,1
1543495,2154,2869,1
1543498,2154,2891,1
1543501,2154,2913,1
1543504,2154,2935,1
1543507,2154,2957,1
1543510,2154,2979,1
1543513,2154,3001,1
1543516,2154,3023,1
1543519,2154,3045,1
1543522,2154,3067,1
1543525,2154,3089,1
1584981,2253,2,1
1584984,2253,24,1
1584987,2253,46,1
1584990,2253,68,1
1584993,2253,90,1
1584996,2253,112,1
1584999,2253,134,1
1585002,2253,156,1
1585005,2253,178,1
1585008,2253,200,1
1585011,2253,222,1
1585014,2253,244,1
1585017,2253,266,1
1585020,2253,288,1
1585023,2253,310,1
1585026,2253,332,1
1585029,2253,354,1
1585032,2253,376,1
1585035,2253,398,1
1585038,2253,420,1
1585041,2253,442,1
1585044,2253,464,1
1585047,2253,486,1
1585050,2253,508,1
1585053,2253,530,1
1585056,2253,552,1
1585059,2253,574,1
1585062,2253,596,1
1585065,2253,618,1
1585068,2253,640,1
1585071,2253,662,1
1585074,2253,684,1
1585077,2253,706,1
1585080,2253,728,1
1585083,2253,750,1
1585086,2253,772,1
1585089,2253,794,1
1585092,2253,816,1
1585095,2253,838,1
1585098,2253,860,1
1585101,2253,882,1
1585104,2253,904,1
1585107,2253,926,1
1585110,2253,948,1
1585113,2253,970,1
1585116,2253,992,1
1585119,2253,1014,1
1585122,2253,1036,1
1585125,2253,1058,1
1585128,2253,1080,1
1585131,2253,1102,1
1585134,2253,1124,1
1585137,2253,1146,1
1585140,2253,1168,1
1585143,2253,1190,1
1585146,2253,1212,1
1585149,2253,1234,1
1585152,2253,1256,1
1585155,2253,1278,1
1585158,2253,1300,1
1585161,2253,1322,1
1585164,2253,1344,1
1585167,2253,1366,1
1585170,2253,1388,1
1585173,2253,1410,1
1585176,2253,1432,1
1585179,2253,1454,1
1585182,2253,1476,1
1585185,2253,1498,1
1585188,2253,1520,1
1585191,2253,1542,1
1585194,2253,1564,1
1585197,2253,1586,1
1585200,2253,1609,1
1585203,2253,1631,1
1585206,2253,1653,1
1585209,2253,1675,1
1585212,2253,1697,1
1585215,2253,1719,1
1585218,2253,1741,1
1585221,2253,1763,1
1585224,2253,1785,1
1585227,2253,1807,1
1585230,2253,1829,1
1585233,2253,1851,1
1585236,2253,1873,1
1585239,2253,1895,1
1585242,2253,1917,1
1585245,2253,1939,1
1585248,2253,1961,1
1585251,2253,1983,1
1585254,2253,2005,1
1585257,2253,2027,1
1585260,2253,2049,1
1585263,2253,2071,1
1585266,2253,2093,1
1585269,2253,2115,1
1585272,2253,2137,1
1585275,2253,2159,1
1585278,2253,2181,1
1585281,2253,2203,1
1585284,2253,2225,1
1585287,2253,2247,1
1585290,2253,2269,1
1585293,2253,2291,1
1585296,2253,2313,1
1585299,2253,2335,1
1585302,2253,2357,1
1585305,2253,2379,1
1585308,2253,2401,1
1585311,2253,2423,1
1585314,2253,2445,1
1585317,2253,2467,1
1585320,2253,2489,1
1585323,2253,2511,1
1585326,2253,2533,1
1585329,2253,2555,1
1585332,2253,2577,1
1585335,2253,2599,1
1585338,2253,2621,1
1585341,2253,2643,1
1585344,2253,2665,1
1585347,2253,2687,1
1585350,2253,2709,1
1585353,2253,2731,1
1585356,2253,2753,1
1585359,2253,2775,1
1585362,2253,2797,1
1585365,2253,2819,1
1585368,2253,2841,1
1585371,2253,2863,1
1585374,2253,2885,1
1585377,2253,2907,1
1585380,2253,2929,1
1585383,2253,2951,1
1585386,2253,2973,1
1585389,2253,2995,1
1585392,2253,3017,1
1585395,2253,3039,1
1585398,2253,3061,1
1585401,2253,3083,1
